day_id,commune_id,route_id,tti_mean,Distance en KM
0,0,0,1.0560383318822113,9954.0
0,0,1,1.3950715664004238,9098.0
0,0,2,1.2423294523827475,8818.0
0,0,3,1.3297864130931172,11574.0
0,0,4,1.112618042997786,9954.0
0,0,5,1.8142032780525612,6874.0
0,0,6,1.51867309084328,4912.0
0,0,7,1.306054982017571,15169.0
0,0,8,1.2611168120403584,9745.0
0,0,9,1.4955010749972264,6527.0
0,0,10,1.673234977095115,2474.0
0,0,11,1.5063569682872782,5569.0
0,0,12,1.1976606142421955,8656.0
0,0,13,1.5504688409491738,4932.0
0,0,14,2.510840452352094,2896.0
0,0,15,1.5498894364227611,6.53
0,0,16,1.3200946750205171,11328.0
0,0,17,1.3261704093936957,11649.0
0,0,18,1.53988280125985,3955.0
0,0,19,1.5244804533901146,6274.0
0,20,20,1.4910106537632872,8159.0
0,20,21,2.2417234307478187,1517.0
0,20,22,2.205882352941174,2346.0
0,20,23,2.542584714950547,3056.0
0,20,24,1.40292283262018,6039.0
0,20,25,1.508948333525879,6854.0
0,20,26,1.5734663606626007,7683.0
0,20,27,2.4110976240249915,4943.0
0,20,28,2.501935542595175,1.58
0,20,29,1.5269913218871167,11005.0
0,20,30,2.5573412162338225,1765.0
0,20,31,2.690501871970424,3.44
0,20,32,2.280793319415445,2395.0
0,20,33,1.5413242772076028,11.82
0,20,34,2.417666095564435,1751.0
0,20,35,2.6825221238938,3.39
0,20,36,2.780892876214884,3121.0
0,20,37,2.0625501082178075,7.25
0,20,38,2.8627664728682114,3425.0
0,20,39,2.27325399762042,5456.0
0,40,40,1.709864178378126,8439.0
0,40,41,2.1374468822765187,5451.0
0,40,42,2.8237043781539986,1619.0
0,40,43,2.1718952987655973,3575.0
0,40,44,1.6693767799730883,7803.0
0,40,45,1.8496282064965976,3123.0
0,40,46,1.3754520566711863,6274.0
0,40,47,1.2169438771495684,4.29
0,40,48,2.169298648930311,5292.0
0,40,49,1.8539826803358228,2929.0
0,40,50,1.934051607507436,4517.0
0,40,51,1.980763043619332,3.71
0,40,52,2.7881409356230584,1.54
0,40,53,1.446721787043754,7007.0
0,40,54,1.9356380121103007,4.28
0,40,55,1.4462341197822093,2204.0
0,40,56,2.107753416436444,3525.0
0,40,57,1.3740447535959852,5202.0
0,40,58,1.8970558523055752,3311.0
0,40,59,1.54204704692026,2167.0
0,60,60,2.9999309010503024,2.01
0,60,61,3.1218379960073235,4063.0
0,60,62,3.036882893144148,8.86
0,60,63,2.89318042482599,3081.0
0,60,64,2.93472017068767,2031.0
0,60,65,3.2877734667071814,2142.0
0,60,66,3.322173254541195,5288.0
0,60,67,2.494389730123051,1826.0
0,60,68,2.9175705969555588,4095.0
0,60,69,3.005973485839166,2178.0
0,60,70,3.2043024010837864,3209.0
0,60,71,2.6792374747455834,2424.0
0,60,72,2.5986384785638434,8908.0
0,60,73,3.131874624001153,5205.0
0,60,74,2.791460661477823,3.76
0,60,75,2.267594358319048,6694.0
0,60,76,2.5206431986092954,3068.0
0,60,77,1.7964052287581656,1738.0
0,60,78,2.6653690271759984,2.39
0,60,79,2.565304352092429,6066.0
0,80,80,3.1245599294387696,1503.0
0,80,81,2.905261548166956,2034.0
0,80,82,2.639440601900509,0.902
0,80,83,2.669282412271763,1717.0
0,80,84,2.840090136817807,1619.0
0,80,85,3.193586158131188,1948.0
0,80,86,2.644157690594118,1.58
0,80,87,2.856904105756896,2557.0
0,80,88,2.9464570124952054,2.16
0,80,89,3.213116744180774,1846.0
0,80,90,3.3541309253633758,1304.0
0,80,91,2.8008829482613287,1541.0
0,80,92,2.2396632278601216,1039.0
0,80,93,2.8297809690714963,1373.0
0,80,94,3.1332369610520314,1131.0
0,80,95,2.455253794139938,1461.0
0,80,96,2.327031692128007,1.57
0,80,97,2.9157022826768952,2491.0
0,80,98,2.7495114177537068,1509.0
0,80,99,3.0060730904706774,1345.0
0,100,100,2.788801703420192,2005.0
0,100,101,2.9703138085048173,1.35
0,100,102,3.248936671558272,1675.0
0,100,103,1.4087894887949826,5.69
0,100,104,3.233983319168665,1384.0
0,100,105,3.0980540694329988,1788.0
0,100,106,2.910335352980247,1846.0
0,100,107,1.638438944459324,6295.0
0,100,108,2.805925084544576,1142.0
0,100,109,2.934115947253704,2209.0
0,100,110,2.7688900953107365,1393.0
0,100,111,1.28861197188602,6726.0
0,100,112,3.6645610625202414,1715.0
0,100,113,4.565158659986242,1131.0
0,100,114,3.473015852038029,1405.0
0,100,115,1.5267835918315162,6454.0
0,100,116,2.1499582525280987,2459.0
0,100,117,2.46370591224172,2399.0
0,100,118,2.163189390263621,2061.0
0,100,119,2.2164606466932004,1591.0
0,120,120,3.078955797565658,1561.0
0,120,121,2.288974712903169,1719.0
0,120,122,2.904557494989515,3176.0
0,120,123,1.954625187137488,4311.0
0,120,124,3.812247902801479,2553.0
0,120,125,3.1020414046967417,2925.0
0,120,126,3.4179154662002573,4123.0
0,120,127,2.485283505832364,5331.0
0,120,128,3.2033041376710565,1721.0
0,120,129,3.213018591137376,3283.0
0,120,130,3.0408818174404444,3096.0
0,120,131,2.1867435523143617,4246.0
0,120,132,3.311741438030808,2848.0
0,120,133,3.1209828128937382,4702.0
0,120,134,3.0488424073587743,4631.0
0,120,135,2.226042229471007,4725.0
0,120,136,2.402834925461801,3802.0
0,120,137,2.432445877210762,5364.0
0,120,138,2.174802157924168,3361.0
0,120,139,2.6611098725104925,5472.0
0,140,140,2.90512981166768,2737.0
0,140,141,2.1319285967695847,4597.0
0,140,142,2.930880185302165,1583.0
0,140,143,2.833783704186527,4542.0
0,140,144,2.5171002498440957,3701.0
0,140,145,2.6355212847329863,2191.0
0,140,146,3.148721342562902,1976.0
0,140,147,2.6970387669097837,2605.0
0,140,148,2.0241953887407216,3745.0
0,140,149,3.1896275920731534,2755.0
0,140,150,2.807343351155952,2966.0
0,140,151,2.468202492050953,2653.0
0,140,152,3.207405271794561,2002.0
0,140,153,3.4448936807427324,1855.0
0,140,154,3.170056088916412,3229.0
0,140,155,3.250612982395823,3643.0
0,140,156,2.443187016652548,4868.0
0,140,157,2.9141644159446023,2761.0
0,140,158,2.599971111637684,3127.0
0,140,159,2.9799240029358685,4089.0
0,160,160,2.283912668268187,1812.0
0,160,161,2.3972284226190426,1792.0
0,160,162,1.5153292663851048,2131.0
0,160,163,2.4312490677467777,1775.0
0,160,164,2.619366354306107,1245.0
0,160,165,2.527476044181109,3038.0
0,160,166,1.4271452722397069,1906.0
0,160,167,2.5388265145780875,3021.0
0,160,168,2.5583592369110697,1823.0
0,160,169,2.4167021088119984,3607.0
0,160,170,2.0422677004478493,3926.0
0,160,171,2.5033692722371903,1855.0
0,160,172,1.7442585824436112,1604.0
0,160,173,2.7152695622781766,1.83
0,160,174,2.0977702322423264,3397.0
0,160,175,2.761974881968603,3.38
0,160,176,2.592902903551237,1804.0
0,160,177,2.452438457521269,3588.0
0,160,178,2.426668538737124,1763.0
0,160,179,2.219618067040114,3907.0
0,180,180,1.813500685273568,3999.0
0,180,181,1.742741770545991,5449.0
0,180,182,1.8414054000864533,1841.0
0,180,183,2.0618785019821453,3074.0
0,180,184,1.6914263947491748,2844.0
0,180,185,1.8588229504969929,3387.0
0,180,186,1.7271256931608088,2164.0
0,180,187,2.450740446077261,2842.0
0,180,188,2.1438610813866865,4976.0
0,180,189,2.057811849771115,4272.0
0,180,190,2.023798344493884,5143.0
0,180,191,3.241905164478857,2346.0
0,180,192,2.374698067632844,1.38
0,180,193,1.6737744719507086,2687.0
0,180,194,1.694869342878902,3678.0
0,180,195,3.5141923826779533,1526.0
0,180,196,2.0702140077163755,2.98
0,180,197,2.3515984922128177,4028.0
0,180,198,2.418646446108739,2851.0
0,180,199,2.0005689208279107,3002.0
0,200,200,2.1428954464668712,3626.0
0,200,201,2.2559464925752777,1538.0
0,200,202,1.8618779078741567,5456.0
0,200,203,2.7888836321153208,2833.0
0,200,204,2.234303621435656,4275.0
0,200,205,2.255649855631872,4556.0
0,200,206,2.191661275540456,4122.0
0,200,207,2.03473003565364,6721.0
0,200,208,2.512707341276928,2191.0
0,200,209,2.431979706107327,4154.0
0,200,210,1.736908081813805,4388.0
0,200,211,2.756421089172852,4099.0
0,200,212,2.025725101376336,5566.0
0,200,213,2.1734591903271543,4975.0
0,200,214,1.65517787862493,4533.0
0,200,215,2.265216073270184,6909.0
0,200,216,2.6771879899903475,3432.0
0,200,217,1.973773784288644,6127.0
0,200,218,2.603717115449389,4192.0
0,200,219,2.1160093882604096,7672.0
0,220,220,2.9666070363744743,1118.0
0,220,221,2.986311459597245,1744.0
0,220,222,2.9703385284705344,2285.0
0,220,223,3.1594215883081778,1323.0
0,220,224,2.682639204257137,0.911
0,220,225,3.1791459328228324,1597.0
0,220,226,3.0228339440703755,2138.0
0,220,227,3.052422723475349,0.665
0,220,228,2.8463829653541985,1799.0
0,220,229,2.9786006617903134,1276.0
0,220,230,2.496676043548131,1163.0
0,220,231,2.689761471598944,1649.0
0,220,232,3.08969083720593,2521.0
0,220,233,2.949830122928884,2055.0
0,220,234,2.8183105645083093,0.778
0,220,235,2.7529085602096486,2428.0
0,220,236,2.673643246403738,1348.0
0,220,237,2.3977929600091223,0.617
0,220,238,2.5743065301384287,1815.0
0,220,239,2.576754385964908,2356.0
0,240,240,2.212187069497882,2339.0
0,240,241,2.082240177776156,1067.0
0,240,242,2.5805843524203453,2931.0
0,240,243,2.393594060260721,1287.0
0,240,244,1.5619094860166245,2352.0
0,240,245,2.597305946267765,1493.0
0,240,246,2.987765908883406,1217.0
0,240,247,2.7384904825143823,1255.0
0,240,248,2.5095678961033414,1201.0
0,240,249,2.709864706508996,2086.0
0,240,250,2.778362875429785,2678.0
0,240,251,3.4467010530840287,1034.0
0,240,252,2.218219463806004,3121.0
0,240,253,3.142454010975547,1491.0
0,240,254,2.9181514301653797,2421.0
0,240,255,3.096330036914374,2183.0
0,240,256,2.390558593950305,1322.0
0,240,257,2.609886242045386,1973.0
0,240,258,2.63766290131437,1018.0
0,240,259,3.1072666233484902,2565.0
0,260,260,2.1077982340358523,2158.0
0,260,261,2.5803755144032867,3.24
0,260,262,2.310895899886359,3506.0
0,260,263,2.419123259429232,5272.0
0,260,264,2.20794524066543,2302.0
0,260,265,2.280584541905475,4105.0
0,260,266,2.7764997680226124,1559.0
0,260,267,2.4222402001203958,4352.0
0,260,268,2.094092331768384,2.13
0,260,269,2.144790044164784,3622.0
0,260,270,2.653836963266748,3826.0
0,260,271,2.7586128689806366,3592.0
0,260,272,2.2861961613153774,3502.0
0,260,273,2.3229970008568936,1556.0
0,260,274,2.473655143590657,3722.0
0,260,275,2.523809007683527,3519.0
0,260,276,2.112603204607591,5276.0
0,260,277,1.9671257287965729,4.18
0,260,278,2.366609916798464,3246.0
0,260,279,2.3811806089040046,3.35
0,280,280,3.2461065366028605,1441.0
0,280,281,3.7378739162884087,1.89
0,280,282,3.4123951649444506,2051.0
0,280,283,3.1642406978910755,2985.0
0,280,284,3.098447414834599,1287.0
0,280,285,4.123014745388354,1911.0
0,280,286,3.7451961669970015,1038.0
0,280,287,3.465119034346968,3337.0
0,280,288,2.970488980888073,2515.0
0,280,289,3.915391395567784,2.61
0,280,290,3.6491209059789935,3381.0
0,280,291,2.4437920461093654,1395.0
0,280,292,2.917545046294515,1841.0
0,280,293,3.724388351043881,0.98
0,280,294,3.737313070787114,3654.0
0,280,295,3.068699742303123,3734.0
0,280,296,4.355460177636471,1407.0
0,280,297,3.2896565272506813,2856.0
0,280,298,2.8649679960610483,1354.0
0,280,299,3.069630248627129,3715.0
0,300,300,2.2279618312827463,2123.0
0,300,301,2.499787466408021,2984.0
0,300,302,3.0744171273462624,2293.0
0,300,303,2.751720045422596,3487.0
0,300,304,2.171617329007837,1644.0
0,300,305,2.6096769980183803,2385.0
0,300,306,3.827443306198243,1694.0
0,300,307,3.127263100716068,2888.0
0,300,308,2.2972916140970567,2642.0
0,300,309,2.621842332728031,4105.0
0,300,310,2.2486755048190408,1029.0
0,300,311,2.305321259472019,2365.0
0,300,312,2.4176939978429908,2757.0
0,300,313,2.1730935172694754,3546.0
0,300,314,2.395165598290592,1.04
0,300,315,2.0696071254270323,1366.0
0,300,316,2.5612357463110538,4556.0
0,300,317,2.549974297031605,4.87
0,300,318,3.043431854423607,2839.0
0,300,319,2.794073786480209,2148.0
0,320,320,3.608753757165027,1339.0
0,320,321,2.9416052743594183,1532.0
0,320,322,3.1929931438683545,2974.0
0,320,323,2.849065705482498,2202.0
0,320,324,4.0971559756068565,1193.0
0,320,325,4.045706709896329,1816.0
0,320,326,3.655685132244501,3084.0
0,320,327,3.4992930168441228,2312.0
0,320,328,3.3287834097043287,1559.0
0,320,329,4.0512076889268505,2111.0
0,320,330,3.2269727182908063,4031.0
0,320,331,2.974453028955086,3259.0
0,320,332,3.013318822553893,2.68
0,320,333,3.4090798725636717,3897.0
0,320,334,2.987230147324187,4.1
0,320,335,3.5866805170821743,1444.0
0,320,336,3.0549280455153904,1992.0
0,320,337,3.437839537933709,3209.0
0,320,338,2.975610207858574,3412.0
0,320,339,3.043580050260441,2978.0
0,340,340,2.153518123667373,2345.0
0,340,341,2.8756032751341274,2686.0
0,340,342,2.421715080843621,4831.0
0,340,343,2.324513759569621,3222.0
0,340,344,2.124327658175317,2585.0
0,340,345,2.414904890539397,4333.0
0,340,346,2.43145448683262,5794.0
0,340,347,1.9320725352358925,3177.0
0,340,348,3.105238616299019,2036.0
0,340,349,2.5574131026223204,3344.0
0,340,350,2.3985163653681494,3541.0
0,340,351,2.4600235689640955,2636.0
0,340,352,2.5734530730896963,4816.0
0,340,353,2.383801002714855,5796.0
0,340,354,2.15911109964808,3214.0
0,340,355,2.2972055069797634,4297.0
0,340,356,2.569051708811154,3301.0
0,340,357,1.6827782325921976,3653.0
0,340,358,2.342769695963371,2678.0
0,340,359,2.1796851899231946,4313.0
0,360,360,1.8790499332952104,2332.0
0,360,361,2.406997586890676,2539.0
0,360,362,1.934804971522831,1445.0
0,360,363,2.60308967466225,3224.0
0,360,364,2.2106348598885868,2613.0
0,360,365,2.5373720149275845,2093.0
0,360,366,2.556130268199229,3625.0
0,360,367,2.6321940577602283,4813.0
0,360,368,2.37037962419088,2423.0
0,360,369,1.982708728895183,2896.0
0,360,370,2.643816942454867,2681.0
0,360,371,2.690863674972237,3869.0
0,360,372,2.8749759487688364,2073.0
0,360,373,2.4847614392259523,3616.0
0,360,374,2.763610043027058,2815.0
0,360,375,2.728300318074435,2511.0
0,360,376,2.9060635857906454,2851.0
0,360,377,2.6471813080834607,3802.0
0,360,378,2.9819409052856334,3007.0
0,360,379,2.7624077800134086,1491.0
0,380,380,1.7622260755475547,3597.0
0,380,381,3.152064451158098,1655.0
0,380,382,2.855133614627281,1975.0
0,380,383,2.430564130568647,2742.0
0,380,384,1.56252730163722,6359.0
0,380,385,1.8025124397707453,5603.0
0,380,386,1.442534929007615,5877.0
0,380,387,1.4864096233904496,6886.0
0,380,388,3.3139839958021717,1694.0
0,380,389,2.33654807392646,3581.0
0,380,390,3.0232417015845705,4349.0
0,380,391,2.9646946842212305,5358.0
0,380,392,2.8338479270052424,2018.0
0,380,393,1.6033229568714225,3068.0
0,380,394,3.0216423121465987,4191.0
0,380,395,2.301968895242922,2545.0
0,380,396,2.457834566845619,2617.0
0,380,397,1.586923748313889,4201.0
0,380,398,2.7630291519180354,3861.0
0,380,399,2.209351169704016,2579.0
0,400,400,2.0184031945983945,4946.0
0,400,401,2.3729038579850186,5175.0
0,400,402,2.3898175318986863,3328.0
0,400,403,2.585903300501079,4288.0
0,400,404,2.51067646348535,3219.0
0,400,405,1.7417602194191537,2938.0
0,400,406,2.13787263973485,4954.0
0,400,407,1.920472398288093,2051.0
0,400,408,2.2788093700079903,4787.0
0,400,409,2.0331799015613536,4029.0
0,400,410,2.0259962938904503,6522.0
0,400,411,1.781447441761653,4478.0
0,400,412,3.047685564578206,2165.0
0,400,413,1.9263085431411395,6031.0
0,400,414,2.328382387281376,6382.0
0,400,415,2.619592756598772,5067.0
0,400,416,2.5289689588090973,3941.0
0,400,417,2.259835235801301,3183.0
0,400,418,1.3200435207948875,0.886
0,400,419,2.119880004415959,5676.0
0,420,420,1.4592155273324252,2173.0
0,420,421,1.5517840757208672,1216.0
0,420,422,1.334411237197205,3407.0
0,420,423,3.291734973120532,1516.0
0,420,424,1.3616872126369113,2156.0
0,420,425,1.2652544040940792,1129.0
0,420,426,1.067856177345223,1233.0
0,420,427,2.180351158531824,3833.0
0,420,428,1.431161315395021,1103.0
0,420,429,1.5734552251825438,1049.0
0,420,430,1.3075696359793296,2283.0
0,420,431,2.59942010774483,2536.0
0,420,432,1.2267180475272916,3.46
0,420,433,1.0430390865173391,1265.0
0,420,434,1.1163058866511326,2433.0
0,420,435,1.9471259207264653,4755.0
0,420,436,3.0145359497481223,1.27
0,420,437,2.0259048351588107,3611.0
0,420,438,2.281953022815211,2252.0
0,420,439,1.7482322791539289,4845.0
440,0,0,1.0437596276203838,9954.0
440,0,1,1.362326274394854,9098.0
440,0,2,1.236107960988882,8818.0
440,0,3,1.2922374528833531,11574.0
440,0,4,1.084921193043552,9954.0
440,0,5,1.7373234086574163,6874.0
440,0,6,1.4817736608758547,4912.0
440,0,7,1.3506692601329648,11257.0
440,0,8,1.223728713768469,9745.0
440,0,9,1.5392259503259929,6527.0
440,0,10,1.6199025419922692,2474.0
440,0,11,1.491517782982726,5569.0
440,0,12,1.1562307455329583,8656.0
440,0,13,1.4659085788951904,4932.0
440,0,14,2.334005176788758,2896.0
440,0,15,1.5304370517488095,6.53
440,0,16,1.3222579131935597,11328.0
440,0,17,1.348878122582325,11649.0
440,0,18,1.564378658211342,3955.0
440,0,19,1.5355634836198198,6274.0
440,20,20,1.4414856879625555,10252.0
440,20,21,2.352047169120337,1517.0
440,20,22,2.5252631063626305,2346.0
440,20,463,2.440326861547406,3056.0
440,20,24,1.5001658824386783,6039.0
440,20,25,1.5931683855362462,6854.0
440,20,26,1.727447229274487,7683.0
440,20,27,2.4417613298198884,4943.0
440,20,28,2.5285689170182786,1.58
440,20,29,1.4246327981701228,11005.0
440,20,30,2.834686849813301,1765.0
440,20,31,2.588123479318733,3425.0
440,20,32,2.3179076780329337,2395.0
440,20,33,1.45503160030022,11.82
440,20,34,2.4224252807919235,1751.0
440,20,35,2.832472959685345,3.39
440,20,36,2.9001566449499747,3121.0
440,20,37,2.307212497640943,8267.0
440,20,38,2.988164325524806,3.44
440,20,39,2.2140940334689847,5456.0
440,40,40,1.7197576812001094,8318.0
440,40,41,2.200227559932161,5231.0
440,40,42,3.040064501022864,1546.0
440,40,43,2.2077062123180893,3942.0
440,40,44,1.7929171309811684,7847.0
440,40,45,1.9287899811434832,3123.0
440,40,46,1.348764318669014,6318.0
440,40,47,1.246949557288649,4.29
440,40,48,2.286387837324511,5292.0
440,40,49,1.883415662858945,2945.0
440,40,50,1.9579201687831984,4517.0
440,40,51,2.0017608458413503,3.71
440,40,52,3.295825204259194,1.54
440,40,53,1.4406222152812518,7007.0
440,40,54,1.9368177962932935,4.28
440,40,55,1.5180732002419786,2204.0
440,40,56,2.299819542265201,3525.0
440,40,57,1.3675751865505228,5202.0
440,40,58,1.9676705674158577,3939.0
440,40,59,1.5566210240955485,2095.0
440,60,60,2.596738529574346,2.01
440,60,61,2.914421374105709,4063.0
440,60,62,2.8401707338382267,7512.0
440,60,63,2.5582422734321413,3081.0
440,60,64,2.9897285097789568,2031.0
440,60,65,3.7559860433503847,2142.0
440,60,66,3.3044382375407886,5148.0
440,60,67,2.5081940681908503,1826.0
440,60,68,3.0245928373115465,4095.0
440,60,69,2.962266622424247,3152.0
440,60,70,2.9780059474348994,3209.0
440,60,71,2.8167275896809927,2204.0
440,60,72,2.517305381307971,8849.0
440,60,73,2.643473999141148,5198.0
440,60,74,2.9437325756619184,3701.0
440,60,75,2.259601384388004,6635.0
440,60,76,2.59850789511806,3068.0
440,60,77,1.9827145242446744,2125.0
440,60,78,2.714407813018022,2.39
440,60,79,2.620422245447625,5248.0
440,80,80,2.7727499859225904,1506.0
440,80,81,2.7773883290808605,2288.0
440,80,82,2.264692668946186,1156.0
440,80,83,2.612217336191337,1717.0
440,80,84,2.5175973509205067,1564.0
440,80,85,3.2904598269305123,1948.0
440,80,86,2.6224888785684057,1.58
440,80,87,2.908361348392123,2557.0
440,80,88,2.983113427154768,2.16
440,80,89,3.243551416931004,1846.0
440,80,90,3.4004003292780065,1507.0
440,80,91,2.932381732570631,1541.0
440,80,92,2.1630503523343774,1039.0
440,80,93,2.723658655013349,1373.0
440,80,94,3.1898778285126874,1131.0
440,80,95,2.273970737460463,1459.0
440,80,96,2.3252402135663663,1.64
440,80,97,2.880942783921393,2491.0
440,80,98,2.715457073406873,1508.0
440,80,99,2.5353964667028093,1345.0
440,100,100,2.768192032374571,2005.0
440,100,101,2.601818923563273,1115.0
440,100,102,3.373134328358204,1675.0
440,100,103,1.3671196742155665,5.73
440,100,104,3.079106191410896,1384.0
440,100,105,2.981288033891317,1788.0
440,100,106,3.069377181983162,1.93
440,100,107,1.6834694349635122,5158.0
440,100,108,2.8860186806771693,1142.0
440,100,109,2.857175076597383,2209.0
440,100,110,2.745411056506143,1401.0
440,100,111,1.2739741302408527,6726.0
440,100,112,3.485179786200189,1715.0
440,100,113,4.3312211415659645,1131.0
440,100,114,3.3931479243209512,1405.0
440,100,115,1.4756137451365163,6454.0
440,100,116,2.1431132083965987,2371.0
440,100,117,2.4894694353536813,2399.0
440,100,118,2.132527359965492,2061.0
440,100,119,2.254434667225361,1591.0
440,120,120,3.0180083991743145,1561.0
440,120,121,2.2629879836053512,1719.0
440,120,122,3.016248199289633,3285.0
440,120,123,1.9609462137792253,4125.0
440,120,124,3.799557048888529,2311.0
440,120,125,3.1229379868503035,2925.0
440,120,126,3.402156061456992,4488.0
440,120,127,2.470448953560466,5331.0
440,120,128,3.4155904669229464,1721.0
440,120,129,3.3739679697219813,3283.0
440,120,130,3.105302666469012,3228.0
440,120,131,2.176635382486982,4254.0
440,120,132,3.4540160170887795,2892.0
440,120,133,3.347642703025962,4702.0
440,120,134,3.02285407912282,3034.0
440,120,135,2.2082413941672563,4725.0
440,120,136,2.4273530505928647,3802.0
440,120,137,2.516326676998431,5364.0
440,120,138,2.206914006469543,3361.0
440,120,139,2.534405789180279,5251.0
440,140,140,3.043560247192119,2737.0
440,140,141,2.1180589655112487,4597.0
440,140,142,3.043551093181559,1583.0
440,140,143,2.803713287386246,4634.0
440,140,144,2.514326432197476,3701.0
440,140,145,2.6484608752979315,2191.0
440,140,146,3.199490680839022,1976.0
440,140,147,2.724864292512013,2441.0
440,140,148,2.143158339065026,3745.0
440,140,149,3.1613839187217567,2755.0
440,140,150,3.01980682953487,2966.0
440,140,151,2.44717060935266,2653.0
440,140,152,3.118092709049628,2002.0
440,140,153,3.638439652590591,1855.0
440,140,154,3.1849325412678247,3229.0
440,140,155,3.3590535930473564,3588.0
440,140,156,2.442819165530235,4927.0
440,140,157,2.887885756385448,2761.0
440,140,158,2.611988087863313,3186.0
440,140,159,2.9636473107810417,4148.0
440,160,160,2.4243754306337006,1904.0
440,160,161,2.426680307539677,1792.0
440,160,162,1.6745948708052465,2131.0
440,160,163,2.3243348982785563,1775.0
440,160,164,2.4329140753363707,1245.0
440,160,165,2.48450186526223,3038.0
440,160,166,1.4446339046286527,1906.0
440,160,167,2.3829725680358163,3021.0
440,160,168,2.7315517585795166,1823.0
440,160,169,2.5439096633776983,3699.0
440,160,170,2.223472794284817,3926.0
440,160,171,2.391403724667559,1855.0
440,160,172,1.7028640486272393,1604.0
440,160,173,2.8091683215030074,1.83
440,160,174,2.1534689260500746,3397.0
440,160,175,2.402407351445549,3.38
440,160,176,2.967249540954309,1804.0
440,160,177,2.7131987401568174,3.68
440,160,178,2.6404805226524317,1763.0
440,160,179,2.575409810361543,3907.0
440,180,180,1.7410161037689091,3.4
440,180,181,1.8076886394151597,5449.0
440,180,182,1.9362212565634556,1841.0
440,180,183,2.059612882238121,3074.0
440,180,184,1.7112048757618312,2844.0
440,180,185,1.9301741954531992,3387.0
440,180,186,1.7056248716368814,2164.0
440,180,187,2.4630941911349,2842.0
440,180,188,2.150787386228061,4976.0
440,180,189,2.080323667757052,4272.0
440,180,190,1.9994814958843683,5143.0
440,180,191,3.073027173353968,2538.0
440,180,192,2.333433977455712,1.38
440,180,193,1.9766083582367264,3226.0
440,180,194,1.8193568501655784,3743.0
440,180,195,3.101900927387684,1431.0
440,180,196,1.9973344858583335,2.98
440,180,197,2.441193410113571,4028.0
440,180,198,2.359891908285938,2749.0
440,180,199,1.96892104049741,3002.0
440,200,200,2.1106924253426254,3626.0
440,200,201,2.244064492474693,1556.0
440,200,202,1.8708650488000904,5456.0
440,200,203,2.6277908104908785,2833.0
440,200,204,2.2465033123906246,4275.0
440,200,205,2.272202091653321,4574.0
440,200,206,2.1549342282602777,4122.0
440,200,207,2.019046016468581,6718.0
440,200,208,2.4540971285845514,2191.0
440,200,209,2.530522852157936,4154.0
440,200,210,1.716008877533418,4232.0
440,200,211,2.615383533410967,4099.0
440,200,212,2.0445122151398416,5566.0
440,200,213,2.182503846022724,4111.0
440,200,214,1.6639254190891586,4533.0
440,200,215,2.2246414801017727,6909.0
440,200,216,2.3757510177309444,3432.0
440,200,217,1.812471942391624,6127.0
440,200,218,2.340183088248621,4.21
440,200,219,2.0320770839993734,7672.0
440,220,220,3.0369500923070696,1118.0
440,220,221,3.0624553987700733,1816.0
440,220,222,2.949991314481369,2135.0
440,220,223,3.156231628453843,1323.0
440,220,224,2.7589274617895683,0.911
440,220,225,3.1738375239435133,1597.0
440,220,226,3.0571907111393064,2138.0
440,220,227,3.128654970760229,0.665
440,220,228,2.7873506073923924,1782.0
440,220,229,3.1788793103448234,1276.0
440,220,230,2.4549389904037446,1163.0
440,220,231,2.8388417222559084,1649.0
440,220,232,2.968124327283467,2374.0
440,220,233,3.082392699368926,2055.0
440,220,234,2.759440112768278,0.778
440,220,235,2.779333496550755,2428.0
440,220,236,2.727291460600061,1348.0
440,220,237,2.386097604898246,0.617
440,220,238,2.5771972770257445,1815.0
440,220,239,2.5876603471043165,2356.0
440,240,240,2.2617690371003696,2339.0
440,240,241,2.075523273976879,1067.0
440,240,242,2.7103925830114703,2931.0
440,240,243,2.479927479927476,1287.0
440,240,244,1.562795256991681,2352.0
440,240,245,2.5386991143856465,1493.0
440,240,246,3.3649456769834702,1217.0
440,240,247,2.634462151394417,1255.0
440,240,248,2.335647822741905,1201.0
440,240,249,2.5757031000319546,2086.0
440,240,250,2.866240392580668,2372.0
440,240,251,3.111567805716738,1034.0
440,240,252,2.149959609484123,3121.0
440,240,253,3.211863775244051,1491.0
440,240,254,2.8390257408577653,3334.0
440,240,255,3.017640484507499,2.27
440,240,256,2.3698255667358548,1376.0
440,240,257,2.629948752604601,1973.0
440,240,258,2.6867330690653426,1018.0
440,240,259,3.2583510544036813,2565.0
440,260,260,2.2628137635443344,2121.0
440,260,261,2.639673448522403,3.24
440,260,262,2.2261090725509907,3469.0
440,260,263,2.4786619109490595,5235.0
440,260,264,1.938683333424192,2094.0
440,260,265,2.3296636238669937,4105.0
440,260,266,2.5510181668683485,1559.0
440,260,267,2.428104004562309,4851.0
440,260,268,2.148867264681891,2.13
440,260,269,2.262563415831732,3622.0
440,260,270,2.4157030863235525,3778.0
440,260,271,2.848282020748039,3544.0
440,260,272,2.1711470303266,3476.0
440,260,273,2.4384725988141915,1556.0
440,260,274,2.5754071890830006,3722.0
440,260,275,2.6524926795132564,3519.0
440,260,276,2.1574078832613024,5276.0
440,260,277,2.0269942516996173,4.18
440,260,278,2.3351389744642934,3246.0
440,260,279,2.2745085903418896,3.35
440,280,280,3.348442548614703,1659.0
440,280,281,3.680374249214738,1794.0
440,280,282,3.433158300983001,2029.0
440,280,283,3.175138381150145,3105.0
440,280,284,3.1127526379252117,1.24
440,280,285,4.437472876855401,1911.0
440,280,286,3.6501869137960417,1038.0
440,280,287,3.5365173028309767,3187.0
440,280,288,2.8112379807542176,2325.0
440,280,289,3.944306932776117,2162.0
440,280,290,3.517576392529376,2933.0
440,280,291,2.3866400879607963,1395.0
440,280,292,2.955821111714644,1841.0
440,280,293,3.5976473922902468,0.98
440,280,294,3.536406858616276,2892.0
440,280,295,3.079269077966734,3734.0
440,280,296,3.19353171058175,1411.0
440,280,297,3.3503610831238078,2896.0
440,280,298,2.8352207451173435,1354.0
440,280,299,3.008807210366376,3715.0
440,300,300,2.167450101730585,2123.0
440,300,301,2.790040473584496,2984.0
440,300,302,3.218395380000245,2279.0
440,300,303,2.788688810135998,3487.0
440,300,304,2.529247331861902,1644.0
440,300,305,3.3332272369834293,2385.0
440,300,306,4.195969983911014,1.68
440,300,307,3.2706368951562066,2888.0
440,300,308,2.2405164437715457,2642.0
440,300,309,2.4143294145321987,3456.0
440,300,310,2.053040056872829,1029.0
440,300,311,2.1328875369080285,2365.0
440,300,312,2.7106938072464755,2757.0
440,300,313,2.2732074464837786,3633.0
440,300,314,2.6782852564102506,1.04
440,300,315,2.1092606149341093,1366.0
440,300,316,2.71067471723542,4234.0
440,300,317,2.436674721639552,4527.0
440,300,318,2.7550554281611928,2517.0
440,300,319,2.8183861654536777,2134.0
440,320,320,4.173171677590732,1339.0
440,320,321,3.1535574412532594,1532.0
440,320,322,3.4903004897382126,2974.0
440,320,323,3.063130894832156,2202.0
440,320,324,4.563995177029232,1193.0
440,320,325,4.214667950915702,1816.0
440,320,326,3.96785662990256,3084.0
440,320,327,3.7966853396266296,2312.0
440,320,328,3.481539097498516,1747.0
440,320,329,4.428291817130378,1732.0
440,320,330,3.4739503484373824,4.21
440,320,331,3.255068846056368,3438.0
440,320,332,3.180375292215276,2.68
440,320,333,3.5990597163287243,3897.0
440,320,334,3.1435722045237733,4.09
440,320,335,3.866093413357953,1444.0
440,320,336,3.395054989342458,1992.0
440,320,337,3.852679867231906,3209.0
440,320,338,3.261973157459494,3402.0
440,320,339,2.836977434311597,2724.0
440,340,340,2.1478914949064167,2345.0
440,340,341,3.0549051800794422,2686.0
440,340,342,2.4953138296648896,4831.0
440,340,343,2.455557279812394,3222.0
440,340,344,2.093333861266355,2642.0
440,340,345,2.506583186427524,4176.0
440,340,346,2.4716870415414127,5794.0
440,340,347,1.9132742279578865,3177.0
440,340,348,3.2571193896639614,2036.0
440,340,349,2.608224463015939,3344.0
440,340,350,2.465485631440061,3705.0
440,340,351,2.4367540934334744,2871.0
440,340,352,2.534469269325589,4816.0
440,340,353,2.324940318205909,5796.0
440,340,354,2.133321518760255,3231.0
440,340,355,2.2530042408537168,4297.0
440,340,356,2.5480847000990106,3301.0
440,340,357,1.6537016759436645,3653.0
440,340,358,2.3464030193497547,2695.0
440,340,359,2.2292101398871598,4313.0
440,360,360,1.955879550219166,2332.0
440,360,361,2.1270422503542483,2539.0
440,360,362,1.9554653569286011,1441.0
440,360,363,2.5364521940137554,3224.0
440,360,364,2.143662031721727,2613.0
440,360,365,2.468877740616865,2093.0
440,360,366,2.5300766283524863,3625.0
440,360,367,2.640274026363779,4813.0
440,360,368,2.7116613800784104,2423.0
440,360,369,1.9588800644567168,2896.0
440,360,370,2.659328323362512,2681.0
440,360,371,2.756166789185652,3869.0
440,360,372,2.957630595882645,2016.0
440,360,373,2.4334184974101687,3605.0
440,360,374,2.876096414300469,2.81
440,360,375,2.7140766551033058,2511.0
440,360,376,2.828342576472054,2.84
440,360,377,2.6493731369454614,3802.0
440,360,378,3.1188800206924534,3007.0
440,360,379,2.8642495742483427,1491.0
440,380,380,1.9283044512402263,3597.0
440,380,381,3.3324941255454807,1655.0
440,380,382,3.256680731364272,1975.0
440,380,383,2.3684164240137324,2742.0
440,380,384,1.7455574775908091,6359.0
440,380,385,1.884259096664024,5603.0
440,380,386,1.5089425821942368,5877.0
440,380,387,1.567996256494654,6886.0
440,380,388,3.5923356946084173,1694.0
440,380,389,2.347313249627548,3699.0
440,380,390,2.744949459250261,4467.0
440,380,391,2.6860317303456243,3823.0
440,380,392,3.4564517783989537,2228.0
440,380,393,1.6591392506746223,3278.0
440,380,394,2.510077546389512,3472.0
440,380,395,2.504477378448408,2755.0
440,380,396,2.661652432389366,2617.0
440,380,397,1.517165225210925,4201.0
440,380,398,2.774942125400278,3861.0
440,380,399,2.2820537676101798,2579.0
440,400,400,2.017614054510922,4946.0
440,400,401,2.3535501054489303,5171.0
440,400,402,2.3588528968966744,3583.0
440,400,403,2.534203980099496,4288.0
440,400,404,2.4701643331685577,3219.0
440,400,405,1.772802521519872,2934.0
440,400,406,2.121180627932147,4954.0
440,400,407,1.9008342813803525,2051.0
440,400,408,2.2375242498834216,4787.0
440,400,409,2.0750403933215598,4029.0
440,400,410,2.039406866838348,6522.0
440,400,411,1.8708534360962317,4478.0
440,400,412,3.0067243487898447,2165.0
440,400,413,1.8635199616794669,6031.0
440,400,414,2.248518717527193,5.95
440,400,415,2.4932501952834145,5067.0
440,400,416,2.3664814190435206,3941.0
440,400,417,2.1860668834011885,3183.0
440,400,418,1.4475636145165671,0.882
440,400,419,2.095537281273295,5676.0
440,420,420,1.4579893918298588,2173.0
440,420,421,1.54774253211768,1216.0
440,420,422,1.299249514375721,3407.0
440,420,423,3.396433833745512,1516.0
440,420,424,1.3331934840678257,2156.0
440,420,425,1.2775563428796328,1129.0
440,420,426,1.0137875101378702,1233.0
440,420,427,2.22034181946548,3833.0
440,420,428,1.3221504155485695,1103.0
440,420,429,1.6944058601159646,1049.0
440,420,430,1.33876752662111,2283.0
440,420,431,2.609475648361905,2515.0
440,420,432,1.2259279391568882,3.46
440,420,433,1.0490777338603348,1265.0
440,420,434,1.1385692103941107,2433.0
440,420,435,2.00045250746146,5204.0
440,420,436,3.249517554324844,1.27
440,420,437,2.0792673664972616,3271.0
440,420,438,2.450444439500447,2314.0
440,420,439,1.7567314533911518,4505.0
880,0,0,1.068456566874283,9954.0
880,0,1,1.3662954006985588,9098.0
880,0,2,1.2451645623850145,8818.0
880,0,3,1.3105883877656777,11574.0
880,0,4,1.0783632487218948,9954.0
880,0,5,1.7128754081401707,6874.0
880,0,6,1.4713117535287683,4912.0
880,0,7,1.3591583686965916,15169.0
880,0,8,1.2302787747511184,9745.0
880,0,9,1.5269904499259443,6527.0
880,0,10,1.644042486301978,2474.0
880,0,11,1.5291743979569394,5569.0
880,0,12,1.1692556846200108,8656.0
880,0,13,1.4750641524222694,4932.0
880,0,14,2.3804512403878597,2896.0
880,0,15,1.5681895524927638,6.53
880,0,16,1.274864642184552,11328.0
880,0,17,1.3118078805047595,11649.0
880,0,18,1.4958210422812137,3955.0
880,0,19,1.4918269401055453,6274.0
880,20,20,1.4669071643472418,8159.0
880,20,21,2.2687321467809247,1517.0
880,20,22,2.569510399804633,2346.0
880,20,463,2.436691026759738,3056.0
880,20,24,1.430981303759235,6039.0
880,20,25,1.5119921862334995,6854.0
880,20,26,1.6935839588123809,7683.0
880,20,27,2.369937996874554,4943.0
880,20,28,2.5145042194092766,1.58
880,20,29,1.411545313854137,11005.0
880,20,30,2.9118951228373047,1765.0
880,20,31,2.573006257190817,3.44
880,20,32,2.241939225237761,2395.0
880,20,33,1.4328133572633923,11.82
880,20,34,2.3236721873215265,1751.0
880,20,35,2.635611274991802,3.39
880,20,36,2.7964683684004363,3121.0
880,20,37,2.345506822789821,7.25
880,20,38,2.85860881643039,3425.0
880,20,39,2.1941779938200408,5456.0
880,40,40,1.7727788257250807,8439.0
880,40,41,2.1887660622499383,5451.0
880,40,42,2.9477103482142035,1619.0
880,40,43,2.190982591337684,3575.0
880,40,44,1.7699797857278352,7803.0
880,40,45,1.9037792713361803,3123.0
880,40,46,1.41003697709859,6274.0
880,40,47,1.28226320557238,4.29
880,40,48,2.2300821773879576,5292.0
880,40,49,1.8835787697381008,2929.0
880,40,50,1.8922114650322788,4517.0
880,40,51,1.9168510140923256,3.71
880,40,52,3.082981325912655,1.54
880,40,53,1.5078827027497386,7007.0
880,40,54,1.9440910609974689,4.28
880,40,55,1.522484371849157,2204.0
880,40,56,2.1915280920428284,3525.0
880,40,57,1.429622844420115,5202.0
880,40,58,2.0315151779092155,3311.0
880,40,59,1.4793443441844831,2167.0
880,60,60,2.587410171365393,2.01
880,60,61,2.8601608007219586,4063.0
880,60,62,2.780198974079063,8.86
880,60,63,2.5217281546395416,3081.0
880,60,64,3.5881339241752777,2031.0
880,60,65,3.346693021938116,2142.0
880,60,66,3.469484620124358,5288.0
880,60,67,2.457177193622973,1826.0
880,60,68,3.2671969260807487,4095.0
880,60,69,3.015061923312633,2178.0
880,60,70,3.192383375485656,3209.0
880,60,71,2.676331133392424,2424.0
880,60,72,2.798094240482882,8908.0
880,60,73,2.797848893911427,5205.0
880,60,74,2.792488794529427,3.76
880,60,75,2.277871794755768,6694.0
880,60,76,2.97108141387802,3068.0
880,60,77,2.095320291522818,1738.0
880,60,78,2.7016093794741,2.39
880,60,79,2.6696395865287386,6066.0
880,80,80,3.1217613175102428,1503.0
880,80,81,2.8101404168034896,2034.0
880,80,82,2.4241633036415235,0.902
880,80,83,2.6071882130533104,1717.0
880,80,84,2.823974302521704,1619.0
880,80,85,3.2534684206709845,1948.0
880,80,86,2.6477066243852114,1.58
880,80,87,2.8595778861205083,2557.0
880,80,88,3.2735048317592965,2.16
880,80,89,3.408984929932936,1846.0
880,80,90,3.050420576173721,1304.0
880,80,91,2.8996333886189194,1541.0
880,80,92,2.265800449149819,1039.0
880,80,93,2.7294173526248757,1373.0
880,80,94,3.092314926865644,1131.0
880,80,95,2.6111977685117744,1461.0
880,80,96,2.3178607184160964,1.57
880,80,97,3.006346628647492,2491.0
880,80,98,2.6440311613896714,1509.0
880,80,99,2.700248121243535,1345.0
880,100,100,2.7276228912131515,2005.0
880,100,101,2.6007566498546564,1.35
880,100,102,3.331479483290026,1675.0
880,100,103,1.4243627046086698,5.69
880,100,104,3.1640134988680857,1384.0
880,100,105,3.090772233882726,1788.0
880,100,106,3.208323844324943,1846.0
880,100,107,1.7367703719382,6295.0
880,100,108,2.8477602228760657,1142.0
880,100,109,2.95177421074698,2209.0
880,100,110,3.043604777111708,1393.0
880,100,111,1.3410657983320746,6726.0
880,100,112,3.4422221214144155,1715.0
880,100,113,4.278416347381859,1131.0
880,100,114,3.3054498272436708,1405.0
880,100,115,1.501437523671792,6454.0
880,100,116,2.1749840501588817,2459.0
880,100,117,2.6008754615600016,2399.0
880,100,118,2.2952719823171006,2061.0
880,100,119,2.580923947203012,1591.0
880,120,120,3.021122499822047,1561.0
880,120,121,2.395274525675124,1719.0
880,120,122,2.912625641159808,3176.0
880,120,123,1.9178721803982712,4311.0
880,120,124,4.055690714847464,2553.0
880,120,125,3.2872092521136147,2925.0
880,120,126,3.4901386094551903,4123.0
880,120,127,2.469695370286184,5331.0
880,120,128,3.542340277823509,1721.0
880,120,129,3.3638961061340367,3283.0
880,120,130,3.089010594359927,3096.0
880,120,131,2.1766100672628594,4246.0
880,120,132,3.418827076830117,2848.0
880,120,133,3.2900189411704903,4702.0
880,120,134,3.0904608096481696,4631.0
880,120,135,2.1714637586262167,4725.0
880,120,136,2.4158522485416123,3802.0
880,120,137,2.57156991964546,5364.0
880,120,138,2.0988297133789504,3361.0
880,120,139,2.6677116799868528,5472.0
880,140,140,2.9817079225970264,2737.0
880,140,141,2.1282095645569705,4597.0
880,140,142,3.087007157137903,1583.0
880,140,143,2.8452380735782974,4542.0
880,140,144,2.513939487809331,3701.0
880,140,145,2.4684314620416807,2191.0
880,140,146,3.2571412505622988,1976.0
880,140,147,2.7130908591492644,2605.0
880,140,148,2.0761929479631838,3745.0
880,140,149,3.242796402220964,2755.0
880,140,150,2.8167236016141683,2966.0
880,140,151,2.4793734556267486,2653.0
880,140,152,3.348075902233365,2002.0
880,140,153,3.767595088349801,1855.0
880,140,154,3.2231771102164366,3229.0
880,140,155,3.4840130195980468,3643.0
880,140,156,2.518301606454906,4868.0
880,140,157,2.959142327837491,2761.0
880,140,158,2.589745331787954,3127.0
880,140,159,3.0401156760794907,4089.0
880,160,160,2.43640652084969,1812.0
880,160,161,2.4634951636904714,1792.0
880,160,162,1.606180304771744,2131.0
880,160,163,2.3870887494781683,1775.0
880,160,164,2.5439198963733274,1245.0
880,160,165,2.52100953404929,3038.0
880,160,166,1.45847907193657,1906.0
880,160,167,2.481475575500917,3021.0
880,160,168,2.693972085085629,1823.0
880,160,169,2.558090402201976,3607.0
880,160,170,2.18448516351298,3926.0
880,160,171,2.4182883322359965,1855.0
880,160,172,1.7581034430187543,1604.0
880,160,173,2.831284153005459,1.83
880,160,174,2.132042818768536,3397.0
880,160,175,2.3596355986619453,3.38
880,160,176,2.730044345898,1804.0
880,160,177,2.5775443608324,3588.0
880,160,178,2.4090880443688123,1763.0
880,160,179,2.2485361170205453,3907.0
880,180,180,1.8533774560636227,3999.0
880,180,181,1.8465315383204877,5449.0
880,180,182,1.8158911219747669,1841.0
880,180,183,2.047187884045393,3074.0
880,180,184,1.7351343959993697,2844.0
880,180,185,2.0194331019101623,3387.0
880,180,186,1.6870122201684077,2164.0
880,180,187,2.539780279928057,2842.0
880,180,188,2.2236756703246683,4976.0
880,180,189,2.1997118336449524,4272.0
880,180,190,2.044715578888237,5143.0
880,180,191,3.128180471010293,2346.0
880,180,192,2.4094202898550647,1.38
880,180,193,1.992911756705088,2687.0
880,180,194,1.8693315634010537,3678.0
880,180,195,3.821696230055781,1526.0
880,180,196,2.036782891560747,2.98
880,180,197,2.334322636605519,4028.0
880,180,198,2.4962551493596634,2851.0
880,180,199,1.9404487058788904,3002.0
880,200,200,2.165494576208857,3626.0
880,200,201,2.344707647594249,1538.0
880,200,202,1.8933220349175135,5456.0
880,200,203,2.515587612244667,2833.0
880,200,204,2.282326185834953,4275.0
880,200,205,2.2993979109240126,4556.0
880,200,206,2.207495170422142,4122.0
880,200,207,2.0599870057749063,6721.0
880,200,208,2.577744802390988,2191.0
880,200,209,2.5462848079708773,4154.0
880,200,210,1.6782073444414227,4388.0
880,200,211,2.5807772042509014,4099.0
880,200,212,2.018080567647099,5566.0
880,200,213,2.165614315801821,4975.0
880,200,214,1.659209327785632,4533.0
880,200,215,2.1513374671270125,6909.0
880,200,216,2.375708324235139,3432.0
880,200,217,1.8417267491598155,6127.0
880,200,218,2.3672058867113,4192.0
880,200,219,2.052550285292129,7672.0
880,220,220,3.086679967016988,1118.0
880,220,221,2.947969782885449,1744.0
880,220,222,2.8592540768310397,2285.0
880,220,223,3.114761166280044,1323.0
880,220,224,2.743645878650456,0.911
880,220,225,3.343589829075381,1597.0
880,220,226,3.127956297737361,2138.0
880,220,227,3.099415204678358,0.665
880,220,228,2.89105563806286,1799.0
880,220,229,2.993839254615113,1276.0
880,220,230,2.590550977854374,1163.0
880,220,231,2.651859712957344,1649.0
880,220,232,3.5036883708283697,2521.0
880,220,233,2.982107881685065,2055.0
880,220,234,2.81883062310659,0.778
880,220,235,2.7717368591058507,2428.0
880,220,236,2.8365067589845,1348.0
880,220,237,2.4862686835944494,0.617
880,220,238,2.657482280123785,1815.0
880,220,239,2.63423174872665,2356.0
880,240,240,2.1967483729989032,2339.0
880,240,241,2.126415036158801,1067.0
880,240,242,2.612564848798717,2931.0
880,240,243,2.318591901925231,1287.0
880,240,244,1.5660430839002215,2352.0
880,240,245,2.8716933441785386,1493.0
880,240,246,3.351428654427828,1217.0
880,240,247,2.5641876936697594,1255.0
880,240,248,2.326764733092788,1201.0
880,240,249,2.6496085011185646,2086.0
880,240,250,2.7960044314779338,2678.0
880,240,251,3.067913174296146,1034.0
880,240,252,2.230410480971193,3121.0
880,240,253,3.3604404202995712,1491.0
880,240,254,2.912124261678091,2421.0
880,240,255,3.1138439828613755,2183.0
880,240,256,2.5032213361755247,1322.0
880,240,257,2.6220488159570654,1973.0
880,240,258,2.699730916430987,1018.0
880,240,259,3.2036951481540616,2565.0
880,260,260,2.2565873706672317,2158.0
880,260,261,2.54409413190872,3.24
880,260,262,2.307320674400636,3506.0
880,260,263,2.4130937228036355,5272.0
880,260,264,2.17958176601569,2302.0
880,260,265,2.26317536062407,4105.0
880,260,266,2.715122791177272,1559.0
880,260,267,2.412742352540406,4352.0
880,260,268,2.098754965806008,2.13
880,260,269,2.269247218844536,3622.0
880,260,270,2.485199800588126,3826.0
880,260,271,2.8377934406845786,3592.0
880,260,272,2.1553070212131336,3502.0
880,260,273,2.4925914024564366,1556.0
880,260,274,2.4471731710451703,3722.0
880,260,275,2.6433033828071224,3519.0
880,260,276,2.109553920571592,5276.0
880,260,277,2.039248366212001,4.18
880,260,278,2.3285068802628817,3246.0
880,260,279,2.365337737629251,3.35
880,280,280,3.717287193999633,1441.0
880,280,281,3.6798956730694936,1.89
880,280,282,3.3169185057743733,2051.0
880,280,283,3.1759110246222484,2985.0
880,280,284,3.180856394678852,1287.0
880,280,285,4.697409740643926,1911.0
880,280,286,3.569471028669977,1038.0
880,280,287,3.3972731386745294,3337.0
880,280,288,2.9165813260513804,2515.0
880,280,289,4.209710010130425,2.61
880,280,290,3.808800498667022,3381.0
880,280,291,2.587189877126453,1395.0
880,280,292,2.8875460196752925,1841.0
880,280,293,3.797606163677586,0.98
880,280,294,3.34916320412226,3654.0
880,280,295,3.1046402586580872,3734.0
880,280,296,3.9474887997005017,1407.0
880,280,297,3.594551586219339,2856.0
880,280,298,3.0296036435253524,1354.0
880,280,299,3.082325499440415,3715.0
880,300,300,2.051604124142979,2123.0
880,300,301,2.77583146635337,2984.0
880,300,302,3.004958518143381,2293.0
880,300,303,2.783694637274246,3487.0
880,300,304,2.277642606109755,1644.0
880,300,305,3.356183945223472,2385.0
880,300,306,3.796911488321287,1694.0
880,300,307,3.209993759270731,2888.0
880,300,308,2.2965030700647606,2642.0
880,300,309,2.224193624378561,4105.0
880,300,310,2.3465358307359585,1029.0
880,300,311,2.441776825950614,2365.0
880,300,312,2.813003849813281,2757.0
880,300,313,2.1627078566292077,3546.0
880,300,314,3.1096420940170897,1.04
880,300,315,2.2816007808687115,1366.0
880,300,316,2.7332652669247257,4556.0
880,300,317,2.362210929428431,4.87
880,300,318,2.966968074627307,2839.0
880,300,319,2.796308205029028,2148.0
880,320,320,4.0291628506294295,1339.0
880,320,321,2.9110458369596697,1532.0
880,320,322,3.177960714518061,2974.0
880,320,323,2.90936431738122,2202.0
880,320,324,4.302743909748006,1193.0
880,320,325,4.170251458673523,1816.0
880,320,326,3.717327032039349,3084.0
880,320,327,3.5025585032594115,2312.0
880,320,328,3.616123316508966,1559.0
880,320,329,4.297898545817033,2111.0
880,320,330,3.187416267532122,4031.0
880,320,331,3.0228788942022056,3259.0
880,320,332,3.131216989605264,2.68
880,320,333,3.5441509706395187,3897.0
880,320,334,3.0710472933128568,4.1
880,320,335,3.70210064635272,1444.0
880,320,336,3.276648259705484,1992.0
880,320,337,3.666929893395718,3209.0
880,320,338,3.0757629904623127,3412.0
880,320,339,2.5386573122766283,2978.0
880,340,340,2.1541204389673854,2345.0
880,340,341,3.107604841037038,2686.0
880,340,342,2.476482899790698,4831.0
880,340,343,2.4417632250499985,3222.0
880,340,344,2.086940604524796,2585.0
880,340,345,2.54151199707256,4333.0
880,340,346,2.433509711787719,5794.0
880,340,347,1.951089427482244,3177.0
880,340,348,3.1817501222716795,2036.0
880,340,349,2.5583735154420224,3344.0
880,340,350,2.330987321084249,3541.0
880,340,351,2.284482163304145,2636.0
880,340,352,2.627571705949775,4816.0
880,340,353,2.40378247624624,5796.0
880,340,354,2.185861624892854,3214.0
880,340,355,2.298417685280609,4297.0
880,340,356,2.344579213766726,3301.0
880,340,357,1.6149207652766322,3653.0
880,340,358,2.358853381100249,2678.0
880,340,359,2.151986665622433,4313.0
880,360,360,1.9636220697541409,2332.0
880,360,361,2.0223403789768466,2539.0
880,360,362,2.542581576388773,1445.0
880,360,363,2.749020878127569,3224.0
880,360,364,2.20213037377216,2613.0
880,360,365,2.5859898092485736,2093.0
880,360,366,2.6484674329501865,3625.0
880,360,367,2.822425082075321,4813.0
880,360,368,2.452422749177155,2423.0
880,360,369,1.9691912216083447,2896.0
880,360,370,2.6586976396614097,2681.0
880,360,371,2.8598436420519504,3869.0
880,360,372,2.812720492355638,2073.0
880,360,373,2.5045688431638813,3616.0
880,360,374,2.8898033258253943,2815.0
880,360,375,2.943755520615216,2511.0
880,360,376,3.113633940319099,2851.0
880,360,377,2.8826202583435574,3802.0
880,360,378,3.3412777593023644,3007.0
880,360,379,3.332960727326918,1491.0
880,380,380,1.9333240663515845,3597.0
880,380,381,3.482712319570324,1655.0
880,380,382,3.124120956399432,1975.0
880,380,383,2.300221737873571,2742.0
880,380,384,1.7688523769849895,6359.0
880,380,385,1.9100665223719997,5603.0
880,380,386,1.5390741686045366,5877.0
880,380,387,1.7152354213057046,6886.0
880,380,388,3.5423225764134787,1694.0
880,380,389,2.373287917314405,3581.0
880,380,390,2.5329454016258257,4349.0
880,380,391,3.258308898921176,5358.0
880,380,392,3.450198216055496,2018.0
880,380,393,1.6614153266695588,3068.0
880,380,394,2.440108306945618,4191.0
880,380,395,2.6879355575081205,2545.0
880,380,396,2.7668685972613183,2617.0
880,380,397,1.6206458779655597,4201.0
880,380,398,3.0717789117503127,3861.0
880,380,399,2.341023652578513,2579.0
880,400,400,1.9429280675742415,4946.0
880,400,401,2.3299785292538866,5175.0
880,400,402,2.23741179190405,3328.0
880,400,403,2.504728959369813,4288.0
880,400,404,2.4500793897345567,3219.0
880,400,405,1.8257175523961795,2938.0
880,400,406,2.1116332938655904,4954.0
880,400,407,1.9610588213125637,2051.0
880,400,408,2.209688276118185,4787.0
880,400,409,2.022145004274561,4029.0
880,400,410,2.0073641409670984,6522.0
880,400,411,1.847950041100384,4478.0
880,400,412,3.0086789346960785,2165.0
880,400,413,1.8705438567401695,6031.0
880,400,414,2.2909669269776547,6382.0
880,400,415,2.5177811161424004,5067.0
880,400,416,2.337076038230563,3941.0
880,400,417,2.135476664223125,3183.0
880,400,418,1.485081508202294,0.886
880,400,419,2.072841421587986,5676.0
880,420,420,1.4616654217223608,2173.0
880,420,421,1.5448686884662974,1216.0
880,420,422,1.342619399296483,3407.0
880,420,423,3.27365948826554,1516.0
880,420,424,1.3670210447693931,2156.0
880,420,425,1.3083111898435134,1129.0
880,420,426,1.0267414616562984,1233.0
880,420,427,2.177300534249817,3833.0
880,420,428,1.3456889136852823,1103.0
880,420,429,1.714643919373011,1049.0
880,420,430,1.3495528533093148,2283.0
880,420,431,2.5123315905078805,2536.0
880,420,432,1.2363519588953078,3.46
880,420,433,1.0386473429951617,1265.0
880,420,434,1.135429510891896,2433.0
880,420,435,1.938322787416896,4755.0
880,420,436,2.879583195039826,1.27
880,420,437,1.9495075234707744,3611.0
880,420,438,2.36087916683456,2252.0
880,420,439,1.6983122426294992,4845.0
1320,0,0,1.0482943763534442,9954.0
1320,0,1,1.3496556019637955,9098.0
1320,0,2,1.2668216526801197,8818.0
1320,0,3,1.3176084326939648,11574.0
1320,0,4,1.0922465563815738,9954.0
1320,0,5,1.6909530275110656,6874.0
1320,0,6,1.4887011400651435,4912.0
1320,0,7,1.3638227596707206,11257.0
1320,0,8,1.244940425289316,9745.0
1320,0,9,1.5453968983538422,6527.0
1320,0,10,1.643481092248264,2474.0
1320,0,11,1.54476167674228,5569.0
1320,0,12,1.1676671575882045,8656.0
1320,0,13,1.4999375830880093,4932.0
1320,0,14,2.2315859768789603,2854.0
1320,0,15,1.5635102943678705,6.53
1320,0,16,1.3180984759904215,11328.0
1320,0,17,1.3424289896293118,11649.0
1320,0,18,1.566674653612927,3955.0
1320,0,19,1.5379443175510212,6274.0
1320,20,20,1.404418766449231,10252.0
1320,20,21,2.325561597584169,1517.0
1320,20,22,2.501006441223828,2346.0
1320,20,463,2.7121055119255346,3056.0
1320,20,24,1.556025053886037,6039.0
1320,20,25,1.643274293925585,6854.0
1320,20,26,1.7498070012503468,7683.0
1320,20,27,2.57322363836626,4943.0
1320,20,28,2.441543600562583,1.58
1320,20,29,1.4338420660589135,11005.0
1320,20,30,2.8005980484734003,1765.0
1320,20,31,2.918973033252225,3425.0
1320,20,32,2.2894919972164183,2395.0
1320,20,33,1.4801946594510966,11.82
1320,20,34,2.493813059204258,1751.0
1320,20,35,2.6356112749918004,3.39
1320,20,36,2.738394033251446,3121.0
1320,20,37,2.135871411204884,7542.0
1320,20,38,2.8142711757919106,3.34
1320,20,39,2.292544743754195,5457.0
1320,40,40,1.7445531956071425,8439.0
1320,40,41,2.223241252530616,5231.0
1320,40,42,3.0111185289535083,1619.0
1320,40,43,2.261225848345217,3575.0
1320,40,44,1.7485549394691615,7919.0
1320,40,45,1.8763119507595931,3123.0
1320,40,46,1.3891788295312022,6.39
1320,40,47,1.2424722477620287,4.29
1320,40,48,2.238787361118315,5292.0
1320,40,49,1.80783100117868,2929.0
1320,40,50,1.8961447809885703,4517.0
1320,40,51,1.9649332435331823,3.71
1320,40,52,3.0839646464646417,1.89
1320,40,53,1.4413945367018577,7007.0
1320,40,54,1.9580405401383345,4284.0
1320,40,55,1.4714408146803737,2204.0
1320,40,56,2.233595215247394,4359.0
1320,40,57,1.3886243207085818,5202.0
1320,40,58,1.9264300212170544,3311.0
1320,40,59,1.5454470195332488,2095.0
1320,60,60,2.82441956882255,2.01
1320,60,61,2.912743768518036,4063.0
1320,60,62,2.823605358705436,8.86
1320,60,63,2.5846135814490183,3081.0
1320,60,64,3.5998677377785744,2043.0
1320,60,65,2.893424247000158,2.82
1320,60,66,3.185036043960585,5148.0
1320,60,67,2.237071371055115,1838.0
1320,60,68,3.3318279417368197,3951.0
1320,60,69,3.143927986103624,3008.0
1320,60,70,3.218974182341389,3209.0
1320,60,71,2.7269413186296028,2.28
1320,60,72,2.6819483955553025,8849.0
1320,60,73,2.5880225794140976,7906.0
1320,60,74,2.9499334675111357,3701.0
1320,60,75,2.2682554106932336,6635.0
1320,60,76,3.017483340576556,3068.0
1320,60,77,1.9009803921568589,2125.0
1320,60,78,2.67295777355805,2.39
1320,60,79,2.535512728508177,6066.0
1320,80,80,3.101942432354408,1519.0
1320,80,81,2.8517526108464257,2033.0
1320,80,82,2.5803026147200687,0.902
1320,80,83,2.3907730249525563,1.64
1320,80,84,2.4962312320246056,1564.0
1320,80,85,3.147228620759019,1947.0
1320,80,86,2.659232469359047,1.58
1320,80,87,2.7386790057222314,2557.0
1320,80,88,2.992289170502581,2198.0
1320,80,89,3.1349389992462164,1884.0
1320,80,90,3.356029658683068,1332.0
1320,80,91,2.7124676714332314,1579.0
1320,80,92,2.2637953160089777,1039.0
1320,80,93,2.7919397912114547,1373.0
1320,80,94,3.135712559346976,1.13
1320,80,95,2.334097333074173,1459.0
1320,80,96,2.257749901243263,1.64
1320,80,97,2.8337396668607973,2491.0
1320,80,98,2.4973287096138908,1509.0
1320,80,99,2.757732652024726,1345.0
1320,100,100,2.691907281167684,2005.0
1320,100,101,2.598869697975418,1129.0
1320,100,102,3.258986481206528,1675.0
1320,100,103,1.476152118726806,5.69
1320,100,104,3.2472415351837616,1494.0
1320,100,105,2.9913474381706986,1898.0
1320,100,106,3.200064662887503,1846.0
1320,100,107,1.725337014883895,5074.0
1320,100,108,2.6631772805582705,1142.0
1320,100,109,3.0259453960927623,2209.0
1320,100,110,2.6888105711021097,1393.0
1320,100,111,1.3365422737634995,6726.0
1320,100,112,3.5653547133138908,1715.0
1320,100,113,4.581736909323112,1131.0
1320,100,114,3.5399704414610853,1405.0
1320,100,115,1.5382364080845587,6454.0
1320,100,116,2.136253186322398,2371.0
1320,100,117,2.617410031957755,2399.0
1320,100,118,2.241697665642348,2061.0
1320,100,119,2.3225260143864754,1591.0
1320,120,120,3.034468645455187,1561.0
1320,120,121,2.3706673442747728,1719.0
1320,120,122,3.103588011717008,3285.0
1320,120,123,1.969262211537781,4125.0
1320,120,124,3.654958855649128,2074.0
1320,120,125,3.083174554861932,2771.0
1320,120,126,3.4695118970390717,3969.0
1320,120,127,2.412319876709044,5177.0
1320,120,128,3.003342442581822,2148.0
1320,120,129,3.088123229563999,3.71
1320,120,130,3.0867343638719427,4013.0
1320,120,131,2.047232728902215,4585.0
1320,120,132,3.3741288635052453,2911.0
1320,120,133,3.2423224635431733,4473.0
1320,120,134,2.84825530067164,3156.0
1320,120,135,2.168014204946382,4725.0
1320,120,136,2.363490065170052,3802.0
1320,120,137,2.4340497493654527,5364.0
1320,120,138,2.1455254719164225,3361.0
1320,120,139,2.6904507666710296,7446.0
1320,140,140,2.823338806019833,2901.0
1320,140,141,2.0532179574104936,4083.0
1320,140,142,3.1195163894153097,1583.0
1320,140,143,2.8750393033232378,4634.0
1320,140,144,2.505171257051239,3141.0
1320,140,145,2.735306050002533,2191.0
1320,140,146,3.085500440356648,1976.0
1320,140,147,2.6498146123824657,2388.0
1320,140,148,2.029153038995176,3745.0
1320,140,149,3.1854909587150275,3478.0
1320,140,150,2.683158316396512,2966.0
1320,140,151,2.437230389077349,2653.0
1320,140,152,3.1454185290743326,2008.0
1320,140,153,3.401093141659176,1855.0
1320,140,154,3.202530883314404,3229.0
1320,140,155,3.1825826359725227,3588.0
1320,140,156,2.699013117844668,4778.0
1320,140,157,2.919162295094265,2701.0
1320,140,158,2.718567548627499,3037.0
1320,140,159,3.0853978233541475,3999.0
1320,160,160,2.504396598936083,1904.0
1320,160,161,2.445281498015869,1792.0
1320,160,162,1.6010041695287145,2131.0
1320,160,163,2.398491811256051,1775.0
1320,160,164,2.508366800535471,1245.0
1320,160,165,2.485416209494546,3038.0
1320,160,166,1.4337035093855606,1906.0
1320,160,167,2.461712777590196,3021.0
1320,160,168,2.5812341916240467,1823.0
1320,160,169,2.5937096109129176,3699.0
1320,160,170,2.1923233330861427,3926.0
1320,160,171,2.413838376168959,1855.0
1320,160,172,1.7638690193006,1604.0
1320,160,173,2.7505594140814016,1.83
1320,160,174,2.162352054379564,3397.0
1320,160,175,2.834692749143061,2194.0
1320,160,176,2.8384994929367164,1731.0
1320,160,177,2.673340962155132,3607.0
1320,160,178,2.4704687410848187,1.69
1320,160,179,2.3930808530694416,2618.0
1320,180,180,1.7874684484797412,3999.0
1320,180,181,1.8363427991432435,5449.0
1320,180,182,2.1395576608336566,1841.0
1320,180,183,2.0940286835613744,3074.0
1320,180,184,1.7160884513205132,2844.0
1320,180,185,1.8850670865728387,3387.0
1320,180,186,1.6956767303347666,2164.0
1320,180,187,2.460663012742448,2842.0
1320,180,188,2.075772984230583,5823.0
1320,180,189,2.1702942990656697,4272.0
1320,180,190,1.9773370492794904,5143.0
1320,180,191,2.821729584591161,2346.0
1320,180,192,2.3852657004830866,1.38
1320,180,193,2.187372114886847,3226.0
1320,180,194,1.7789301998455398,3743.0
1320,180,195,3.327071716748916,1452.0
1320,180,196,1.9983301160024547,2673.0
1320,180,197,2.4808153756556792,4028.0
1320,180,198,2.3627691887674422,2831.0
1320,180,199,1.894083082933368,2695.0
1320,200,200,2.110809704982983,3626.0
1320,200,201,2.2271711808640084,1538.0
1320,200,202,1.873457066042832,5456.0
1320,200,203,2.51324175827606,2833.0
1320,200,204,2.3278175140408077,4275.0
1320,200,205,2.278314238025864,4636.0
1320,200,206,2.178688878106631,4122.0
1320,200,207,2.0648446369001765,6718.0
1320,200,208,2.445252658373875,2191.0
1320,200,209,2.453581691491393,4154.0
1320,200,210,1.6880741392389955,4409.0
1320,200,211,2.496144502828628,4099.0
1320,200,212,2.051985719404836,6245.0
1320,200,213,2.151917422459192,4111.0
1320,200,214,1.6981766193627728,4712.0
1320,200,215,2.2453978300794644,6909.0
1320,200,216,2.333565080039473,3432.0
1320,200,217,1.7515787062701609,6127.0
1320,200,218,2.264487694808078,4.21
1320,200,219,2.008015183659831,7672.0
1320,220,220,2.945541018868324,1118.0
1320,220,221,3.0629046694079136,1779.0
1320,220,222,2.971175623894474,2.28
1320,220,223,3.1084656084656026,1323.0
1320,220,224,2.5800875920454533,0.911
1320,220,225,3.049037437595745,1637.0
1320,220,226,2.957980936023793,2138.0
1320,220,227,3.0680868838763526,0.665
1320,220,228,2.777468421210523,1799.0
1320,220,229,2.9557427725531134,1276.0
1320,220,230,2.324552694117446,1163.0
1320,220,231,2.6510174516541958,1649.0
1320,220,232,3.0271999488220263,2374.0
1320,220,233,2.888778721102972,2055.0
1320,220,234,2.568198159640884,0.778
1320,220,235,2.6985372477119856,2428.0
1320,220,236,2.8730835806132498,1348.0
1320,220,237,2.415361066090396,0.617
1320,220,238,2.6074423480083806,1855.0
1320,220,239,2.625683833239007,2356.0
1320,240,240,2.293537124127115,2339.0
1320,240,241,2.126452949068298,1067.0
1320,240,242,2.7033784717455824,2931.0
1320,240,243,2.611046361046357,1287.0
1320,240,244,1.5813668748280048,2352.0
1320,240,245,2.346144238634299,1493.0
1320,240,246,3.436843787090289,1217.0
1320,240,247,2.8353253652058386,1255.0
1320,240,248,2.3508302765171987,1155.0
1320,240,249,2.7135266858421168,2086.0
1320,240,250,2.851790336101434,2371.0
1320,240,251,3.4735654416505444,1034.0
1320,240,252,2.1629668511842453,3121.0
1320,240,253,3.252161076356168,1491.0
1320,240,254,2.767902697482029,2421.0
1320,240,255,3.079009679655717,2183.0
1320,240,256,2.419068745764872,1322.0
1320,240,257,2.74434026017908,1973.0
1320,240,258,2.704438706412386,1357.0
1320,240,259,3.234781538582704,2565.0
1320,260,260,2.394980613257399,2121.0
1320,260,261,2.673611111111107,3.24
1320,260,262,2.277236476938617,3469.0
1320,260,263,2.4535247424705084,5235.0
1320,260,264,2.2696528033999064,2186.0
1320,260,265,2.231258011662478,4105.0
1320,260,266,2.654728516978615,1559.0
1320,260,267,2.359883192242356,4352.0
1320,260,268,2.231025039123625,2.13
1320,260,269,2.332696635489805,3622.0
1320,260,270,2.40277695387221,3826.0
1320,260,271,2.8408559551301384,3592.0
1320,260,272,2.194805456652222,3526.0
1320,260,273,2.358254784347324,1556.0
1320,260,274,2.3355871992357717,3722.0
1320,260,275,2.439079361925702,3519.0
1320,260,276,2.1584642354005603,5276.0
1320,260,277,1.990234867310663,4716.0
1320,260,278,2.3124614910659216,3246.0
1320,260,279,2.234667235521691,3.35
1320,280,280,3.554084204729398,1636.0
1320,280,281,3.651440294388332,1905.0
1320,280,282,3.406324229633731,2051.0
1320,280,283,3.475808577997765,3.0
1320,280,284,3.1632003760660807,1287.0
1320,280,285,4.380534613014757,1911.0
1320,280,286,3.700836569755834,1038.0
1320,280,287,3.5533721847280013,4059.0
1320,280,288,2.852036296166446,2325.0
1320,280,289,4.139612059180835,2139.0
1320,280,290,3.911432324022268,2933.0
1320,280,291,2.6033989429804056,1.38
1320,280,292,2.8400175025650274,1841.0
1320,280,293,3.806113354432678,0.98
1320,280,294,3.314022997597028,7499.0
1320,280,295,3.186128380614089,4211.0
1320,280,296,3.917160848723428,1411.0
1320,280,297,3.4727487082956103,2873.0
1320,280,298,3.138334974560967,1354.0
1320,280,299,2.985433864701056,3654.0
1320,300,300,2.154360065889034,2123.0
1320,300,301,2.7698958057860583,3055.0
1320,300,302,3.0797930727877385,2364.0
1320,300,303,2.7477644699128074,3558.0
1320,300,304,2.467727764260605,1644.0
1320,300,305,3.490957868015316,2385.0
1320,300,306,4.348251372526417,1694.0
1320,300,307,3.40444079478768,2888.0
1320,300,308,2.26128143662208,2642.0
1320,300,309,2.380352105976081,4105.0
1320,300,310,2.0200678607414595,1029.0
1320,300,311,2.0966093415471967,2365.0
1320,300,312,2.4772238582866954,2.77
1320,300,313,2.1337965177803557,3546.0
1320,300,314,2.246260683760678,1.04
1320,300,315,1.9589041316514169,1366.0
1320,300,316,2.898057142922583,4247.0
1320,300,317,2.390381402815744,4.87
1320,300,318,3.1585009842593443,2517.0
1320,300,319,3.0222884727777823,2082.0
1320,320,320,4.095726193225905,1339.0
1320,320,321,2.9939984044096266,1532.0
1320,320,322,3.1527618699944644,2974.0
1320,320,323,2.9002661401094976,2202.0
1320,320,324,4.319278149357058,1023.0
1320,320,325,4.293102050162003,1816.0
1320,320,326,3.699405024728572,3084.0
1320,320,327,3.645970676637055,2312.0
1320,320,328,3.771924712680692,1419.0
1320,320,329,4.356666981755895,1732.0
1320,320,330,3.251581040226562,4.21
1320,320,331,3.105410831114439,3438.0
1320,320,332,3.052446102819232,2.68
1320,320,333,3.415773099116023,3897.0
1320,320,334,3.038960780805846,4.09
1320,320,335,3.5837950138504104,1444.0
1320,320,336,3.342741143206331,1992.0
1320,320,337,3.75227117771766,3209.0
1320,320,338,3.1438481794111777,3402.0
1320,320,339,3.026611417920925,1901.0
1320,340,340,2.1080260298364637,2345.0
1320,340,341,2.856374617357486,2686.0
1320,340,342,2.414671450585335,4831.0
1320,340,343,2.358136768052965,3222.0
1320,340,344,2.1160741289552414,2642.0
1320,340,345,2.393621135806629,4333.0
1320,340,346,2.48350367976737,5794.0
1320,340,347,1.9257335711537744,3177.0
1320,340,348,3.140169460263771,1975.0
1320,340,349,2.5815281747205723,3283.0
1320,340,350,2.44965848981361,3529.0
1320,340,351,2.4599610741307307,2627.0
1320,340,352,2.491694352159465,4816.0
1320,340,353,2.3393372524907705,5796.0
1320,340,354,2.1081184349135604,3.24
1320,340,355,2.256257595738624,4297.0
1320,340,356,2.362330635735499,3722.0
1320,340,357,1.5561790917662757,3653.0
1320,340,358,2.337585714589471,2704.0
1320,340,359,2.255455084112627,4313.0
1320,360,360,1.9272917857823488,2332.0
1320,360,361,1.987027207770545,1884.0
1320,360,362,1.964498719526364,1436.0
1320,360,363,2.502319115901145,3223.0
1320,360,364,2.2640536633073918,2613.0
1320,360,365,2.3728028958975904,2093.0
1320,360,366,2.5289272030651286,3625.0
1320,360,367,2.6298854953020707,4813.0
1320,360,368,2.4135883860065097,2.63
1320,360,369,1.984538060159603,2896.0
1320,360,370,2.5485950745185875,2893.0
1320,360,371,2.6666808393352657,4081.0
1320,360,372,2.771571833597533,2077.0
1320,360,373,2.475905041148048,3.61
1320,360,374,2.8759998581288264,2815.0
1320,360,375,2.5852913845745342,2511.0
1320,360,376,2.9196009389671307,2.84
1320,360,377,2.6641679817639785,3802.0
1320,360,378,3.068303587924467,3007.0
1320,360,379,2.846244131455394,1491.0
1320,380,380,2.0534087047848466,3597.0
1320,380,381,3.3983719368915675,1655.0
1320,380,382,3.327707454289728,1975.0
1320,380,383,2.6145593831223275,2742.0
1320,380,384,1.6776824358608529,6359.0
1320,380,385,1.79483289539216,6088.0
1320,380,386,1.4783904045135658,5877.0
1320,380,387,1.6242698551005212,6886.0
1320,380,388,3.482880755608021,1694.0
1320,380,389,2.372356642936524,3699.0
1320,380,390,2.6109610215730936,3258.0
1320,380,391,3.161341756318288,3823.0
1320,380,392,3.345240061667213,2018.0
1320,380,393,1.6976314645806116,3068.0
1320,380,394,2.524275131091446,3262.0
1320,380,395,2.52125533894459,2545.0
1320,380,396,2.6600717087655035,2617.0
1320,380,397,1.7123104338201884,4201.0
1320,380,398,2.9607301102116104,3861.0
1320,380,399,2.4692713583499555,2579.0
1320,400,400,1.990795858992777,4946.0
1320,400,401,2.236657209116488,5171.0
1320,400,402,2.186226162749669,3583.0
1320,400,403,2.4221341210613545,4288.0
1320,400,404,2.460941508292635,3219.0
1320,400,405,1.741317203505546,2934.0
1320,400,406,2.0761987399834205,4954.0
1320,400,407,1.9054787127914572,2051.0
1320,400,408,2.23702001305831,4816.0
1320,400,409,2.081467853625529,4058.0
1320,400,410,2.000614478978337,6551.0
1320,400,411,1.8361588788289216,4507.0
1320,400,412,2.931741000988206,2165.0
1320,400,413,1.8094309747804211,6031.0
1320,400,414,2.316215440380604,5.95
1320,400,415,2.4865414556059853,5067.0
1320,400,416,2.3895866813273505,3941.0
1320,400,417,2.2175096868782034,3183.0
1320,400,418,1.3327856327723782,0.882
1320,400,419,2.070979903025738,5676.0
1320,420,420,1.3874653865094044,2173.0
1320,420,421,1.4050723682414743,1216.0
1320,420,422,1.2627331071613308,3407.0
1320,420,423,3.1192475141098077,1516.0
1320,420,424,1.2657263004070465,2156.0
1320,420,425,1.2053222372001005,1129.0
1320,420,426,1.0205460935387891,1233.0
1320,420,427,2.088143513872692,3.9
1320,420,428,1.2963324787672368,1103.0
1320,420,429,1.5320113735594625,1049.0
1320,420,430,1.264466309460847,2283.0
1320,420,431,2.400855549979128,2515.0
1320,420,432,1.1950955286151943,3.46
1320,420,433,1.07433025911286,1265.0
1320,420,434,1.12857925743252,2433.0
1320,420,435,1.896812638013305,5204.0
1320,420,436,2.9398570800630552,1.27
1320,420,437,1.969344978081164,3209.0
1320,420,438,2.3104107481259284,2252.0
1320,420,439,1.696298951710994,4443.0
1760,0,0,1.0398527671734368,9954.0
1760,0,1,1.3539300456754777,9098.0
1760,0,2,1.2274451248708391,8818.0
1760,0,3,1.3085483747095945,11574.0
1760,0,4,1.0800376174848694,9954.0
1760,0,5,1.7407329164042256,6874.0
1760,0,6,1.5007181958016595,4912.0
1760,0,7,1.3690308409058949,11257.0
1760,0,8,1.2289065617695638,9745.0
1760,0,9,1.5144357625589384,6527.0
1760,0,10,1.6809960976659006,2474.0
1760,0,11,1.5340338298879397,5569.0
1760,0,12,1.152275366168506,8572.0
1760,0,13,1.439997121364487,4932.0
1760,0,14,2.3574848970554734,2854.0
1760,0,15,1.5474460782014532,6.53
1760,0,16,1.2928737780764523,11328.0
1760,0,17,1.307733417795437,11649.0
1760,0,18,1.5327781030087535,3955.0
1760,0,19,1.5423152523769703,6274.0
1760,20,20,1.4015391979400056,10252.0
1760,20,21,2.265527722844794,1517.0
1760,20,22,2.3157028511887816,2346.0
1760,20,463,2.539176119837112,3056.0
1760,20,24,1.423055612773435,6039.0
1760,20,25,1.5104825182608907,6854.0
1760,20,26,1.6007101871662794,7683.0
1760,20,27,2.533400577277667,4943.0
1760,20,28,2.3404535864978846,1.58
1760,20,29,1.3749543353348903,11005.0
1760,20,30,2.5633459238275047,1765.0
1760,20,31,2.685523114355226,3425.0
1760,20,32,2.214973324054738,2395.0
1760,20,33,1.413408774900028,11.82
1760,20,34,2.35857287898978,1751.0
1760,20,35,2.6718698787282817,3.39
1760,20,36,2.863220477767093,3121.0
1760,20,37,2.201217462050572,8267.0
1760,20,38,2.8317112733171093,3425.0
1760,20,39,2.2241158763641997,5457.0
1760,40,40,1.7739950209116444,8439.0
1760,40,41,2.1884856137212427,5625.0
1760,40,42,2.9410019564799867,1546.0
1760,40,43,2.137345659907712,3575.0
1760,40,44,1.7421129393769843,7803.0
1760,40,45,1.830727220976976,3123.0
1760,40,46,1.3752443134277967,6274.0
1760,40,47,1.2176249676249629,4.29
1760,40,48,2.2160878161958526,5292.0
1760,40,49,1.8607242434916136,2929.0
1760,40,50,1.905004375957545,4517.0
1760,40,51,1.9678851602511669,3.71
1760,40,52,3.07674233085262,1.54
1760,40,53,1.4937751393506202,7007.0
1760,40,54,1.9164939902925453,4284.0
1760,40,55,1.5038944343617608,2204.0
1760,40,56,2.1913985331995187,3624.0
1760,40,57,1.4145994742481631,5202.0
1760,40,58,1.911557434813244,3311.0
1760,40,59,1.4860736191739372,2167.0
1760,60,60,2.886954118297398,2.01
1760,60,61,3.091853510330429,4063.0
1760,60,62,3.0667576440123496,7848.0
1760,60,63,2.8974629449312967,3081.0
1760,60,64,3.5183817495486545,2031.0
1760,60,65,3.733803652064069,2808.0
1760,60,66,3.295222284286796,4.96
1760,60,67,2.4467165708988863,1826.0
1760,60,68,3.227131568057912,3951.0
1760,60,69,3.1795236139794008,2242.0
1760,60,70,3.1467552445894267,3209.0
1760,60,71,2.677987118144662,2165.0
1760,60,72,2.705647017673637,8849.0
1760,60,73,2.608165684037425,7906.0
1760,60,74,2.8356203133103093,3701.0
1760,60,75,2.253611799089191,6635.0
1760,60,76,2.924453136317539,3068.0
1760,60,77,2.166448927096726,2125.0
1760,60,78,2.6344374024417694,2.39
1760,60,79,2.582189248693062,6311.0
1760,80,80,3.111832537762321,1519.0
1760,80,81,2.842671873513409,2034.0
1760,80,82,2.399759793052469,0.902
1760,80,83,2.569519948779384,1704.0
1760,80,84,2.5238655670063,1619.0
1760,80,85,3.125482828317978,1948.0
1760,80,86,2.580872011251753,1.58
1760,80,87,2.9029070943179227,2557.0
1760,80,88,2.822044122978561,2153.0
1760,80,89,2.9096054461952896,1839.0
1760,80,90,3.3849139757010924,1.29
1760,80,91,2.812678113598434,1534.0
1760,80,92,2.1607209630831923,1039.0
1760,80,93,2.615776947293424,1373.0
1760,80,94,3.161174281660228,1131.0
1760,80,95,2.365560620262103,1461.0
1760,80,96,2.398765487046593,1.64
1760,80,97,2.8221013436812648,2491.0
1760,80,98,2.774167057326542,1508.0
1760,80,99,2.931937033124975,1345.0
1760,100,100,2.4081048406001524,2005.0
1760,100,101,2.317210871493093,1115.0
1760,100,102,3.1393946452203263,1675.0
1760,100,103,1.3525190392501418,5.69
1760,100,104,2.6227433034199885,1384.0
1760,100,105,2.7035634406692544,1788.0
1760,100,106,2.811244067352084,1846.0
1760,100,107,1.5697647921000992,6295.0
1760,100,108,2.538070515634351,1161.0
1760,100,109,2.859886199997805,2209.0
1760,100,110,2.6468309763129656,1393.0
1760,100,111,1.2684132358583355,6726.0
1760,100,112,3.255090748842992,1715.0
1760,100,113,3.88787754174105,1131.0
1760,100,114,3.112568228370606,1405.0
1760,100,115,1.4553400597363682,6454.0
1760,100,116,2.078960843065541,2371.0
1760,100,117,2.3332099219061333,2399.0
1760,100,118,2.07288802630869,2061.0
1760,100,119,2.090317061247289,1591.0
1760,120,120,3.038917360666236,1561.0
1760,120,121,2.1373212481669537,1719.0
1760,120,122,2.633315014994535,3176.0
1760,120,123,1.836298967405434,4311.0
1760,120,124,3.712852369455776,2553.0
1760,120,125,2.989979203690647,2925.0
1760,120,126,3.20059899899258,4.4
1760,120,127,2.3764765084164527,5535.0
1760,120,128,3.222357638919778,2148.0
1760,120,129,3.251485145960769,3283.0
1760,120,130,2.927013602817257,3236.0
1760,120,131,2.155146435676016,4262.0
1760,120,132,3.15505424708819,2892.0
1760,120,133,3.0937733794374016,4454.0
1760,120,134,2.9703465122729447,3137.0
1760,120,135,2.2325461524455115,4125.0
1760,120,136,2.398332139026924,3802.0
1760,120,137,2.377777158282725,5364.0
1760,120,138,2.09872903698929,3361.0
1760,120,139,2.4870802847364755,5505.0
1760,140,140,2.8803870940440706,2737.0
1760,140,141,2.1101384469787914,4111.0
1760,140,142,3.120168521604819,1583.0
1760,140,143,2.7422116817111246,4.47
1760,140,144,2.451957071592689,3141.0
1760,140,145,2.4500613440801677,2191.0
1760,140,146,3.1176500727674035,1976.0
1760,140,147,2.6160368271714263,2441.0
1760,140,148,2.021213469811596,3745.0
1760,140,149,3.137074956887623,3478.0
1760,140,150,2.699103317467069,2966.0
1760,140,151,2.3807663133917107,2653.0
1760,140,152,3.105507611245729,2008.0
1760,140,153,3.461740041928716,1855.0
1760,140,154,3.038221327552384,3229.0
1760,140,155,3.3109083872612985,3588.0
1760,140,156,2.4524216254638245,4927.0
1760,140,157,2.7633720188412307,2701.0
1760,140,158,2.5873979843255785,3037.0
1760,140,159,2.939098379655306,4148.0
1760,160,160,2.431909186878912,1863.0
1760,160,161,2.3340618799603123,1792.0
1760,160,162,1.6217423608702397,2131.0
1760,160,163,2.3381050908529715,1775.0
1760,160,164,2.412985274431052,1245.0
1760,160,165,2.4038109867602904,3038.0
1760,160,166,1.4428121720881375,1906.0
1760,160,167,2.378019489016052,3021.0
1760,160,168,2.682924971048937,1823.0
1760,160,169,2.528524514483893,3658.0
1760,160,170,2.121900310624513,3926.0
1760,160,171,2.429994010182685,1855.0
1760,160,172,1.594537960653916,1604.0
1760,160,173,2.6124377144657114,1.83
1760,160,174,1.990033557854044,3397.0
1760,160,175,2.508286308219622,2194.0
1760,160,176,2.5967490420400723,1804.0
1760,160,177,2.506153176256655,3639.0
1760,160,178,2.332776000802524,1763.0
1760,160,179,2.398513366298164,3907.0
1760,180,180,1.667065864480758,4143.0
1760,180,181,1.7945856514470109,5489.0
1760,180,182,1.931327382382324,1.53
1760,180,183,2.104859985483313,3114.0
1760,180,184,1.7373320050007763,2844.0
1760,180,185,1.858226937457224,3387.0
1760,180,186,1.6998485315259757,2164.0
1760,180,187,2.4415516597397406,2842.0
1760,180,188,2.178518804349506,4976.0
1760,180,189,2.1715051906877347,4272.0
1760,180,190,1.9905012931664412,5143.0
1760,180,191,2.612469755146608,2495.0
1760,180,192,2.426026570048302,1.38
1760,180,193,2.147455824734207,2687.0
1760,180,194,1.823962904480681,3743.0
1760,180,195,3.6003943673972696,1431.0
1760,180,196,2.0423720837228525,2.98
1760,180,197,2.533282091794837,4028.0
1760,180,198,2.3376501827527894,2708.0
1760,180,199,1.954081649820199,3002.0
1760,200,200,2.1450021450021404,3626.0
1760,200,201,2.2262246778968824,1548.0
1760,200,202,1.8071431116103869,5614.0
1760,200,203,2.5481836091574244,2833.0
1760,200,204,2.3379370230890344,4275.0
1760,200,205,2.331658732972398,4636.0
1760,200,206,2.155776591730008,4122.0
1760,200,207,2.144765979907959,6721.0
1760,200,208,2.418831351133688,2191.0
1760,200,209,2.3553282933760658,4154.0
1760,200,210,1.6886917618802606,4409.0
1760,200,211,2.53772499622014,4099.0
1760,200,212,2.0241345573773715,5566.0
1760,200,213,2.1840222898866832,4111.0
1760,200,214,1.6805445264269443,4712.0
1760,200,215,2.175747191266028,6909.0
1760,200,216,2.4772637465274414,3212.0
1760,200,217,1.762739498678471,6127.0
1760,200,218,2.341950684403962,4.21
1760,200,219,2.021389686658721,7.83
1760,220,220,2.528966366399087,1118.0
1760,220,221,2.4694257609937806,1779.0
1760,220,222,2.567159731067188,2135.0
1760,220,223,2.97566557487192,1323.0
1760,220,224,2.351258040746148,0.911
1760,220,225,2.598836924300269,1637.0
1760,220,226,2.6677804816981685,2138.0
1760,220,227,2.899958228905591,0.665
1760,220,228,2.471892366708913,1844.0
1760,220,229,2.309191048415182,1276.0
1760,220,230,2.3795022451514223,1163.0
1760,220,231,2.366333131190615,1649.0
1760,220,232,2.7051751976905187,2374.0
1760,220,233,2.457420924574204,2055.0
1760,220,234,2.5394530134247293,0.778
1760,220,235,2.4291254805052125,2428.0
1760,220,236,2.6924546639954365,1348.0
1760,220,237,2.011827668450255,0.617
1760,220,238,2.3033788458829427,1855.0
1760,220,239,2.4291363614132853,2356.0
1760,240,240,2.284630183839244,2339.0
1760,240,241,2.12357788676475,1133.0
1760,240,242,2.2667526832748712,2931.0
1760,240,243,2.425429508762837,1287.0
1760,240,244,1.5730260742933364,2352.0
1760,240,245,2.2893875120934672,1493.0
1760,240,246,2.546106089655797,1217.0
1760,240,247,2.6499557326250502,1255.0
1760,240,248,2.4192143266272583,1155.0
1760,240,249,2.750812293597523,2086.0
1760,240,250,2.6608811014552494,2432.0
1760,240,251,3.3943154953793204,1034.0
1760,240,252,2.04406806650253,3121.0
1760,240,253,2.839723526343239,1491.0
1760,240,254,2.62155320135814,2421.0
1760,240,255,2.865113226333998,2183.0
1760,240,256,2.3181976157487054,1376.0
1760,240,257,2.6317086219519013,1973.0
1760,240,258,2.639593776447102,1357.0
1760,240,259,2.938596491228066,2565.0
1760,260,260,2.0024354079489086,2121.0
1760,260,261,2.4704218106995834,3.24
1760,260,262,2.264410843352741,3469.0
1760,260,263,2.380425669664034,5235.0
1760,260,264,2.0555248582942727,2153.0
1760,260,265,2.1606173308005903,4105.0
1760,260,266,2.7158022456839954,1559.0
1760,260,267,2.3265033178450225,4352.0
1760,260,268,2.164243393326388,2.13
1760,260,269,2.20311012602525,3622.0
1760,260,270,2.4454599947441227,3826.0
1760,260,271,2.7257182025742424,3592.0
1760,260,272,2.1966312958299343,3449.0
1760,260,273,2.358701085404165,1556.0
1760,260,274,2.3258851274702925,3722.0
1760,260,275,2.5120514018300115,3519.0
1760,260,276,2.114354446598163,5276.0
1760,260,277,1.994691212977557,4.18
1760,260,278,2.254912028479492,3246.0
1760,260,279,2.345771144278602,3.35
1760,280,280,3.499412869381617,1636.0
1760,280,281,2.9924165910806497,1794.0
1760,280,282,3.165562772459792,2051.0
1760,280,283,2.678829821232488,2889.0
1760,280,284,3.076799929710888,1223.0
1760,280,285,3.2602238712393574,1911.0
1760,280,286,3.3863754872597025,1038.0
1760,280,287,3.0238928953059645,3006.0
1760,280,288,2.428127452265465,2.32
1760,280,289,3.830924542119263,2139.0
1760,280,290,3.4888720695247986,2933.0
1760,280,291,2.3287515214917978,1.38
1760,280,292,2.6295340696481344,1841.0
1760,280,293,3.4119897959183625,0.98
1760,280,294,3.338909736739201,2892.0
1760,280,295,2.987781445689333,3987.0
1760,280,296,2.612418985767813,1391.0
1760,280,297,3.1910393913820347,2833.0
1760,280,298,2.452096668307889,1354.0
1760,280,299,2.899167405659769,3727.0
1760,300,300,2.057164913382526,2123.0
1760,300,301,2.616343084356815,2984.0
1760,300,302,2.87700331537661,2293.0
1760,300,303,2.523036981119408,3487.0
1760,300,304,2.349122204058268,1644.0
1760,300,305,3.383952598329408,2393.0
1760,300,306,3.944905030300305,1702.0
1760,300,307,3.102738939391457,2896.0
1760,300,308,2.2318424594162587,2642.0
1760,300,309,2.1108710201294945,3234.0
1760,300,310,1.9958052911383424,1023.0
1760,300,311,2.026754721807237,2365.0
1760,300,312,2.6169787919777066,2757.0
1760,300,313,2.085898452350668,3546.0
1760,300,314,2.703659188034182,1.04
1760,300,315,1.8459207743614727,1366.0
1760,300,316,2.822719353607059,4234.0
1760,300,317,2.294178616706708,4.87
1760,300,318,3.037953030503681,2517.0
1760,300,319,2.911587924825417,2082.0
1760,320,320,3.786417754013344,1339.0
1760,320,321,2.7666081323395453,1532.0
1760,320,322,3.0724613315400084,2974.0
1760,320,323,2.58031118896241,2202.0
1760,320,324,3.9723277534640657,1458.0
1760,320,325,3.975594225190712,1816.0
1760,320,326,3.649148804272375,3084.0
1760,320,327,3.452369486822962,2312.0
1760,320,328,3.398053256247954,1462.0
1760,320,329,3.863385286805984,1732.0
1760,320,330,3.1123180239099093,3934.0
1760,320,331,2.7875993431825865,3162.0
1760,320,332,3.010209369817573,2.68
1760,320,333,3.2931850534554745,3897.0
1760,320,334,2.9740091138629072,4.09
1760,320,335,3.6121691289627527,1444.0
1760,320,336,3.2800221343537075,1992.0
1760,320,337,3.528225426601765,2846.0
1760,320,338,3.080016764281608,3402.0
1760,320,339,3.3138094552562585,2.77
1760,340,340,2.1965803214222084,2345.0
1760,340,341,2.976171156550897,2686.0
1760,340,342,2.4812265691483204,4831.0
1760,340,343,2.4135285192082168,3222.0
1760,340,344,2.167444696778528,2642.0
1760,340,345,2.472325965036724,4333.0
1760,340,346,2.409723856795012,5794.0
1760,340,347,1.9419088588115927,3177.0
1760,340,348,3.3115827896733574,1975.0
1760,340,349,2.700535929962687,3283.0
1760,340,350,2.417532612166125,3529.0
1760,340,351,2.549251863365709,2627.0
1760,340,352,2.484340393133993,4816.0
1760,340,353,2.288378789629506,6124.0
1760,340,354,2.06270018930482,3214.0
1760,340,355,2.264176557288025,4297.0
1760,340,356,2.292686503102224,3722.0
1760,340,357,1.588686619825405,3653.0
1760,340,358,2.347872456028858,2678.0
1760,340,359,2.2005108314159227,4313.0
1760,360,360,1.9374166190203888,2332.0
1760,360,361,2.021174456167686,2539.0
1760,360,362,2.370038541407299,1439.0
1760,360,363,2.4688984235708085,3224.0
1760,360,364,2.1641259514393782,2613.0
1760,360,365,2.419021941596419,2093.0
1760,360,366,2.5647509578544017,3625.0
1760,360,367,2.6157455502458573,4813.0
1760,360,368,2.394449896650988,2418.0
1760,360,369,2.0689046145064185,2896.0
1760,360,370,2.5870059861015746,2681.0
1760,360,371,2.636512635866469,3869.0
1760,360,372,2.884352911473837,2077.0
1760,360,373,2.4169537168090627,3605.0
1760,360,374,2.8320622391338386,2.81
1760,360,375,2.590563140759742,2511.0
1760,360,376,2.7703727240157505,2.84
1760,360,377,2.5509234905605176,3802.0
1760,360,378,2.95791301777334,3007.0
1760,360,379,2.675311126015346,1491.0
1760,380,380,1.9576498934297044,3597.0
1760,380,381,3.5221550855991848,1655.0
1760,380,382,3.182841068917014,1975.0
1760,380,383,2.5589432441021405,2742.0
1760,380,384,1.6894253114570732,6359.0
1760,380,385,1.86462034804243,6088.0
1760,380,386,1.4788109957839355,5877.0
1760,380,387,1.6248749475586488,6886.0
1760,380,388,3.5345336481700067,1694.0
1760,380,389,2.2903444543857696,3699.0
1760,380,390,2.4924901653789253,4467.0
1760,380,391,3.213433561350271,3823.0
1760,380,392,3.236496531219025,2018.0
1760,380,393,1.620672171519626,3068.0
1760,380,394,2.4777591426868177,4191.0
1760,380,395,2.5810117873420007,2545.0
1760,380,396,2.641014637977669,2617.0
1760,380,397,1.540969081435633,4201.0
1760,380,398,3.0556634723301337,3861.0
1760,380,399,2.216352160613498,2579.0
1760,400,400,2.0787974775272686,4946.0
1760,400,401,2.258857746757092,5175.0
1760,400,402,2.2176489106184176,3583.0
1760,400,403,2.429097999585401,4288.0
1760,400,404,2.4154136197342626,3219.0
1760,400,405,1.8093423158618471,2938.0
1760,400,406,2.088664779350192,4954.0
1760,400,407,1.987174278129905,2051.0
1760,400,408,2.230388340970052,4787.0
1760,400,409,2.067303714734834,4029.0
1760,400,410,2.032868834676798,6522.0
1760,400,411,1.907872686462544,4478.0
1760,400,412,2.929188987923442,2165.0
1760,400,413,1.8650168573481407,6031.0
1760,400,414,2.264465857284752,5954.0
1760,400,415,2.4784444254485214,5067.0
1760,400,416,2.3578718531504888,3941.0
1760,400,417,2.184129228191428,3183.0
1760,400,418,1.3953551188302225,0.886
1760,400,419,2.0885759204303063,5676.0
1760,420,420,1.3664031243375312,2173.0
1760,420,421,1.4954974605401274,1274.0
1760,420,422,1.2661643849080362,3407.0
1760,420,423,3.146385536944608,1516.0
1760,420,424,1.2499149921352066,2156.0
1760,420,425,1.1545369550241056,1129.0
1760,420,426,1.0137875101378702,1233.0
1760,420,427,2.0717060823860844,3589.0
1760,420,428,1.3305717650217772,1103.0
1760,420,429,1.5572078656280628,1049.0
1760,420,430,1.2911105914193202,2283.0
1760,420,431,2.4831244124810063,2536.0
1760,420,432,1.1512502094921986,3.46
1760,420,433,1.0485287659200624,1265.0
1760,420,434,1.0917591450883612,2433.0
1760,420,435,1.9157607799538852,4755.0
1760,420,436,2.7286201216474684,1.27
1760,420,437,1.8984109199169497,3209.0
1760,420,438,2.170569575827828,2252.0
1760,420,439,1.6730879424428284,4443.0
2200,0,0,1.0744563882749492,9954.0
2200,0,1,1.4030098190078348,9098.0
2200,0,2,1.2215386456994464,8818.0
2200,0,3,1.327388495286364,11574.0
2200,0,4,1.122454959480271,9954.0
2200,0,5,1.8299631461545875,6874.0
2200,0,6,1.518955845095907,4912.0
2200,0,7,1.3705657881985829,11257.0
2200,0,8,1.2419048668804142,9745.0
2200,0,9,1.544758524419927,6527.0
2200,0,10,1.712532560855108,2474.0
2200,0,11,1.5377785758464473,5569.0
2200,0,12,1.1796507825979738,8656.0
2200,0,13,1.5123738397765134,4932.0
2200,0,14,2.4352662186508165,2854.0
2200,0,15,1.5688276331461586,6.53
2200,0,16,1.302775169353554,11328.0
2200,0,17,1.3364992270442937,11649.0
2200,0,18,1.5364799690335993,3955.0
2200,0,19,1.5494499084457132,6274.0
2200,20,20,1.3720154866627334,8159.0
2200,20,21,2.2334834834834814,1517.0
2200,20,22,2.2868205978457827,2346.0
2200,20,463,3.241119473531118,3056.0
2200,20,24,1.3007052165210191,6039.0
2200,20,25,1.3913205589598896,6854.0
2200,20,26,1.505578694664985,7683.0
2200,20,27,2.6658068649268283,4943.0
2200,20,28,2.347925457102667,1.58
2200,20,29,1.3116869125104,11005.0
2200,20,30,2.5197519669051887,1765.0
2200,20,31,2.4842957357656466,3425.0
2200,20,32,2.210334029227552,2395.0
2200,20,33,1.3513082860863426,11.82
2200,20,34,2.357779681451864,1751.0
2200,20,35,2.643190757128806,3.39
2200,20,36,2.7288262309088918,3121.0
2200,20,37,1.8792925016464328,8267.0
2200,20,38,2.730082906599518,3425.0
2200,20,39,2.467588901487176,5456.0
2200,40,40,1.922965523856964,7.6
2200,40,41,2.2414726007652908,5451.0
2200,40,42,2.981636760375256,1839.0
2200,40,43,2.187920368639935,4369.0
2200,40,44,1.8601981047605476,8736.0
2200,40,45,2.027297470381039,3123.0
2200,40,46,1.4779990125909297,6274.0
2200,40,47,1.433694395686743,4.29
2200,40,48,2.293588602997555,5292.0
2200,40,49,1.962653161867907,2929.0
2200,40,50,1.8767035130444811,4517.0
2200,40,51,1.9738649944982716,3.71
2200,40,52,3.159160021878008,1733.0
2200,40,53,1.633977943123524,6433.0
2200,40,54,1.928839312588312,4284.0
2200,40,55,1.4729877100049749,3202.0
2200,40,56,2.312702930621091,3525.0
2200,40,57,1.617722664727612,5202.0
2200,40,58,2.187339398371781,3311.0
2200,40,59,1.6392227234314614,2095.0
2200,60,60,2.5290215588723046,2.01
2200,60,61,2.667226876086783,4063.0
2200,60,62,2.595486109823643,7393.0
2200,60,63,2.39866205056078,3081.0
2200,60,64,2.951132447070407,2031.0
2200,60,65,2.7078988162531363,2833.0
2200,60,66,2.732125983877511,5288.0
2200,60,67,2.0840217942125574,2439.0
2200,60,68,2.780847715029937,3951.0
2200,60,69,3.0335454464173046,2242.0
2200,60,70,3.1260556157213717,3334.0
2200,60,71,2.311473877671604,2.28
2200,60,72,2.2327227013834103,7692.0
2200,60,73,2.8829656541981428,5205.0
2200,60,74,2.851100992862293,3.76
2200,60,75,2.1208007133562248,6694.0
2200,60,76,2.531508039982611,3068.0
2200,60,77,1.7810743323029197,1738.0
2200,60,78,2.423853779345098,2.39
2200,60,79,2.402998332844177,5237.0
2200,80,80,2.941418245189772,1519.0
2200,80,81,2.850883801704514,2033.0
2200,80,82,2.4952266568120174,0.902
2200,80,83,2.6305531676641283,1717.0
2200,80,84,2.6222139628861587,1619.0
2200,80,85,3.193073730759457,1947.0
2200,80,86,2.545606529164587,1.58
2200,80,87,2.911950887768439,2557.0
2200,80,88,2.970163446459125,2.16
2200,80,89,3.221705262364795,1846.0
2200,80,90,2.997285759159309,1297.0
2200,80,91,2.760841266846229,1541.0
2200,80,92,2.1003330686993285,1039.0
2200,80,93,2.7578693066794933,1373.0
2200,80,94,3.1415822179366075,1.13
2200,80,95,2.516256767311431,1461.0
2200,80,96,2.3238264734031397,1.64
2200,80,97,2.918828345303225,2501.0
2200,80,98,2.684171940370792,1517.0
2200,80,99,2.8184428684435496,1355.0
2200,100,100,2.8322270047003126,2005.0
2200,100,101,3.0577290924170573,1223.0
2200,100,102,3.243467435944184,1675.0
2200,100,103,1.407581341829237,5.69
2200,100,104,3.01462507543168,1384.0
2200,100,105,3.1009197116579617,1788.0
2200,100,106,3.037330103889757,1868.0
2200,100,107,1.613316170515558,6317.0
2200,100,108,2.6736106956244643,1161.0
2200,100,109,2.894219779077036,2209.0
2200,100,110,2.641516229733004,1393.0
2200,100,111,1.233191264413383,6726.0
2200,100,112,3.1264968139746903,1.73
2200,100,113,3.6869615042570394,1146.0
2200,100,114,3.072733057101004,1.42
2200,100,115,1.314525651345894,6469.0
2200,100,116,2.096075881845167,2429.0
2200,100,117,2.5218902377624484,2399.0
2200,100,118,2.211685795242376,2061.0
2200,100,119,2.358754102940144,1591.0
2200,120,120,2.9761904761904723,1561.0
2200,120,121,2.0810855173512723,1719.0
2200,120,122,2.6717814623543297,3029.0
2200,120,123,1.765925606406494,4125.0
2200,120,124,3.8755755916374937,2553.0
2200,120,125,3.0904872847011617,2925.0
2200,120,126,3.212470153520813,4123.0
2200,120,127,2.313808656717389,5331.0
2200,120,128,3.2012108971723587,1721.0
2200,120,129,3.186236691369914,3283.0
2200,120,130,2.7340473334040145,4512.0
2200,120,131,2.0411043373755398,4585.0
2200,120,132,3.202625860410257,2912.0
2200,120,133,3.116693446520701,4474.0
2200,120,134,2.8377307259544904,3541.0
2200,120,135,2.04893207392408,4725.0
2200,120,136,2.160595300718915,3802.0
2200,120,137,2.3622074474732053,5364.0
2200,120,138,1.9252702568679905,3361.0
2200,120,139,2.442893945301696,5218.0
2200,140,140,2.836884607716559,2737.0
2200,140,141,2.0060236717118385,4597.0
2200,140,142,2.9786972696006138,1583.0
2200,140,143,2.648827445824343,4542.0
2200,140,144,2.4140537590430253,3141.0
2200,140,145,2.350706393673844,2191.0
2200,140,146,3.0613894511920776,1976.0
2200,140,147,2.722698612411801,2441.0
2200,140,148,1.8252113929683973,3745.0
2200,140,149,2.9194120642354844,2755.0
2200,140,150,2.544813441222742,2966.0
2200,140,151,2.419744303447993,2653.0
2200,140,152,3.075315342124432,2549.0
2200,140,153,3.4029649595687275,1855.0
2200,140,154,2.903375658098477,3229.0
2200,140,155,3.1438568391070234,3643.0
2200,140,156,2.416066301244617,4971.0
2200,140,157,2.968973857377728,2701.0
2200,140,158,2.653270400705629,3.23
2200,140,159,2.963410263320713,4192.0
2200,160,160,2.3529067983428797,1904.0
2200,160,161,2.2829086061507886,1792.0
2200,160,162,1.5128279812952083,2131.0
2200,160,163,2.4064945226917005,1775.0
2200,160,164,2.4358545292280174,1245.0
2200,160,165,2.3530648818667204,3038.0
2200,160,166,1.4347965489098702,1906.0
2200,160,167,2.4182573835006744,3021.0
2200,160,168,2.4970287072590915,1823.0
2200,160,169,2.4097960140473007,3699.0
2200,160,170,2.1125500984651566,3214.0
2200,160,171,2.45691735150194,1855.0
2200,160,172,1.642574533577443,1604.0
2200,160,173,2.6643139040679977,1.83
2200,160,174,2.048399970403382,3397.0
2200,160,175,2.8058454052861816,2194.0
2200,160,176,2.513120338355067,1804.0
2200,160,177,2.431377982821094,3.68
2200,160,178,2.3641835255561805,1763.0
2200,160,179,2.4197916949930933,2691.0
2200,180,180,1.5679950420611637,3999.0
2200,180,181,1.828672814708025,5598.0
2200,180,182,2.192064369755784,1841.0
2200,180,183,2.1538169594448004,3074.0
2200,180,184,1.6233005157055744,2844.0
2200,180,185,1.886092248138303,3387.0
2200,180,186,1.6963185459026446,2164.0
2200,180,187,2.424968392639875,2842.0
2200,180,188,2.130580700005277,4976.0
2200,180,189,2.063989024136492,4272.0
2200,180,190,2.05254715146801,5143.0
2200,180,191,3.1366488794397847,2422.0
2200,180,192,2.2956924315619927,1.38
2200,180,193,1.654525728456287,3226.0
2200,180,194,1.853398956645839,3743.0
2200,180,195,3.265158326177087,1431.0
2200,180,196,2.1001079827115894,2.98
2200,180,197,2.380560111002711,4028.0
2200,180,198,2.4496150649421327,2763.0
2200,180,199,2.077385980026345,3002.0
2200,200,200,1.9356729178157703,3626.0
2200,200,201,2.15455282314798,1538.0
2200,200,202,1.7985372330624985,5033.0
2200,200,203,2.8568619508295403,2833.0
2200,200,204,2.190220922677058,4275.0
2200,200,205,2.143869431148818,4556.0
2200,200,206,2.025041781228094,4122.0
2200,200,207,2.0765831125931378,6721.0
2200,200,208,2.359958131207432,2191.0
2200,200,209,2.2625857974004115,4154.0
2200,200,210,1.523496872361778,4388.0
2200,200,211,2.72474117213155,4154.0
2200,200,212,1.855785910430072,5566.0
2200,200,213,1.840159098419197,4975.0
2200,200,214,1.5631435467079011,4712.0
2200,200,215,2.1771371351908293,6909.0
2200,200,216,2.385930502756196,3435.0
2200,200,217,1.8180439840518785,6127.0
2200,200,218,2.326989061512627,4194.0
2200,200,219,2.0445834915793104,7675.0
2200,220,220,3.447536407088546,1118.0
2200,220,221,3.1439672735402406,1779.0
2200,220,222,3.067751846310659,2.28
2200,220,223,3.4892496589951367,1323.0
2200,220,224,2.637375891506116,0.911
2200,220,225,3.3481484816558176,1637.0
2200,220,226,3.193827461829044,2138.0
2200,220,227,3.737468671679193,0.665
2200,220,228,2.8297870895119743,1799.0
2200,220,229,3.571892143416923,1276.0
2200,220,230,2.6729469213727843,1163.0
2200,220,231,3.0954436021523133,1649.0
2200,220,232,3.013670289818096,2374.0
2200,220,233,3.3925591225950984,2055.0
2200,220,234,3.0387382038254955,0.778
2200,220,235,3.09598660988129,2428.0
2200,220,236,2.7077151335311527,1348.0
2200,220,237,2.583063209076172,0.617
2200,220,238,2.80490772567682,1855.0
2200,220,239,2.7708144020610344,2356.0
2200,240,240,2.4089012412335573,2339.0
2200,240,241,2.071125376475186,1067.0
2200,240,242,2.594303971680453,4298.0
2200,240,243,2.293231459898121,1287.0
2200,240,244,1.583758503401355,2352.0
2200,240,245,2.4796271489171624,1493.0
2200,240,246,3.7787423155533912,1217.0
2200,240,247,2.566954404603804,1255.0
2200,240,248,2.4389902803999663,1135.0
2200,240,249,2.8660089020084816,2086.0
2200,240,250,3.03177681963364,2678.0
2200,240,251,3.2223834085536143,1034.0
2200,240,252,2.2591138879988555,3121.0
2200,240,253,3.402358596020564,1491.0
2200,240,254,2.880608356557952,2421.0
2200,240,255,3.017273600054345,2183.0
2200,240,256,2.42932400574456,1322.0
2200,240,257,2.8092497000464696,1973.0
2200,240,258,2.691824929054785,1018.0
2200,240,259,3.144778869359088,2565.0
2200,260,260,2.284288115359922,2158.0
2200,260,261,2.607801876381448,3.24
2200,260,262,2.255896780826407,3506.0
2200,260,263,2.190020307170974,5456.0
2200,260,264,2.189363972431949,2302.0
2200,260,265,2.199553390174579,4105.0
2200,260,266,2.5381298553203577,1559.0
2200,260,267,2.1021988932883704,4352.0
2200,260,268,2.1426708398539347,2.13
2200,260,269,2.2378673538253837,3622.0
2200,260,270,2.4612965586015827,3826.0
2200,260,271,2.5893430274994667,3592.0
2200,260,272,2.2906141085947054,3396.0
2200,260,273,2.305591259640099,1556.0
2200,260,274,2.3910009552809077,3722.0
2200,260,275,2.300408891414853,3519.0
2200,260,276,2.0209091073822885,5142.0
2200,260,277,1.8671719389557024,4.18
2200,260,278,2.313340555935718,3246.0
2200,260,279,2.2359038142620187,3.35
2200,280,280,4.00279917498758,1636.0
2200,280,281,4.007967816824041,1794.0
2200,280,282,3.4218164496805272,2029.0
2200,280,283,3.153409920121704,2889.0
2200,280,284,3.445562482044309,1287.0
2200,280,285,4.706063952839273,1911.0
2200,280,286,3.2214141854133973,1038.0
2200,280,287,3.269429262070035,3006.0
2200,280,288,3.260464445620926,2419.0
2200,280,289,4.2448390246771295,2139.0
2200,280,290,3.7551937200460617,2933.0
2200,280,291,2.7069365824936065,1444.0
2200,280,292,2.752881887862872,1841.0
2200,280,293,3.4371892696472472,0.98
2200,280,294,3.866784429380109,2892.0
2200,280,295,2.8388331626355536,3954.0
2200,280,296,3.540145534094055,1516.0
2200,280,297,3.899260601534512,2873.0
2200,280,298,2.999856392581647,1354.0
2200,280,299,2.7204107640427213,3667.0
2200,300,300,2.412355635379511,2123.0
2200,300,301,2.622061344433679,3081.0
2200,300,302,3.168803412496417,2364.0
2200,300,303,2.8565274421404787,3558.0
2200,300,304,2.660055187231068,1644.0
2200,300,305,2.8472614559898264,2801.0
2200,300,306,4.081857960316455,1694.0
2200,300,307,3.3378191483482342,2888.0
2200,300,308,2.324890655227518,2642.0
2200,300,309,2.9711232859877903,2.95
2200,300,310,2.4405146425495188,1161.0
2200,300,311,2.4687112053340305,2191.0
2200,300,312,2.7334461774070005,2757.0
2200,300,313,2.436923660153259,3225.0
2200,300,314,2.79046474358974,1.04
2200,300,315,2.293801854563196,1366.0
2200,300,316,2.8168037047592285,3806.0
2200,300,317,2.737260792131792,3351.0
2200,300,318,2.996594855777071,2517.0
2200,300,319,2.853373368731812,2148.0
2200,320,320,2.974521263359738,1262.0
2200,320,321,2.728368871482444,1532.0
2200,320,322,2.8456539515669106,2974.0
2200,320,323,2.4218267138224863,2202.0
2200,320,324,3.656895500717779,0.963
2200,320,325,3.5072141681983453,1756.0
2200,320,326,3.243659376804821,3024.0
2200,320,327,2.8480272258222112,2252.0
2200,320,328,3.255678347366675,1747.0
2200,320,329,3.3147017280230595,1681.0
2200,320,330,2.9385748348031204,4.21
2200,320,331,2.6450332717977685,3438.0
2200,320,332,2.911225124378104,2.68
2200,320,333,3.0342543929644177,3846.0
2200,320,334,2.8208864240231595,4.09
2200,320,335,3.592451523545701,1444.0
2200,320,336,2.6536001856947307,3.33
2200,320,337,3.0128391995362063,4496.0
2200,320,338,2.644916899189216,4.74
2200,320,339,3.4213725664687757,2.77
2200,340,340,2.089256100450125,2345.0
2200,340,341,2.7121655038011405,2686.0
2200,340,342,2.301110881115015,4831.0
2200,340,343,2.2113594040968274,3222.0
2200,340,344,2.095687189839341,2642.0
2200,340,345,2.481895007215386,4333.0
2200,340,346,2.430108509133478,5794.0
2200,340,347,1.886169691882623,3177.0
2200,340,348,3.13853727144866,1975.0
2200,340,349,2.4979270315091164,3283.0
2200,340,350,2.403617910349439,3529.0
2200,340,351,2.463440318879431,2627.0
2200,340,352,2.546200166112951,4816.0
2200,340,353,2.40098932943786,5796.0
2200,340,354,2.1320326858634098,3231.0
2200,340,355,2.299731078530235,4297.0
2200,340,356,2.160387007329502,3722.0
2200,340,357,1.621194147884534,3653.0
2200,340,358,2.2624638601630296,2695.0
2200,340,359,2.2161983093535595,4313.0
2200,360,360,1.9258028397179316,2332.0
2200,360,361,2.1019516310758872,1884.0
2200,360,362,2.1944835596594867,1439.0
2200,360,363,2.587624312790558,3224.0
2200,360,364,2.069247778202994,2613.0
2200,360,365,2.531495004458646,2093.0
2200,360,366,2.61245210727969,3625.0
2200,360,367,2.7228051342429027,4813.0
2200,360,368,2.545603726283165,2423.0
2200,360,369,2.015309559703652,2896.0
2200,360,370,2.767157776948895,2681.0
2200,360,371,2.819116195891802,3869.0
2200,360,372,3.08333885299469,2016.0
2200,360,373,2.416980275973541,3616.0
2200,360,374,2.9082414598114155,2821.0
2200,360,375,2.739580380739492,2507.0
2200,360,376,2.8142027296425205,2848.0
2200,360,377,2.641701735928454,3802.0
2200,360,378,3.156292724383841,3007.0
2200,360,379,2.850901706535504,1491.0
2200,380,380,1.874053995613625,3597.0
2200,380,381,3.309415911379651,1655.0
2200,380,382,2.9542897327707425,1975.0
2200,380,383,2.577569568483001,2742.0
2200,380,384,1.5758412825907904,6359.0
2200,380,385,1.791404896761155,6088.0
2200,380,386,1.4356814701378209,5877.0
2200,380,387,1.6297156872236682,6886.0
2200,380,388,3.4939492325855888,1694.0
2200,380,389,2.3925025595127933,3581.0
2200,380,390,3.156971814006068,4349.0
2200,380,391,3.264778969395758,3823.0
2200,380,392,2.893839195594373,2018.0
2200,380,393,1.70503613460188,3068.0
2200,380,394,2.9226716133029,4191.0
2200,380,395,2.517300055656345,2545.0
2200,380,396,2.490151900662395,2617.0
2200,380,397,1.7161812640935972,4201.0
2200,380,398,2.8208217631414443,3861.0
2200,380,399,2.424127788624679,2579.0
2200,400,400,1.904878240553529,4946.0
2200,400,401,2.061187526165002,5171.0
2200,400,402,2.125993691497236,3583.0
2200,400,403,2.1984802549751183,4288.0
2200,400,404,2.499913706810254,3219.0
2200,400,405,1.7114449010520951,2934.0
2200,400,406,2.072960122011389,4954.0
2200,400,407,1.8422585188796743,2051.0
2200,400,408,2.109010514588116,4787.0
2200,400,409,1.9249331237417555,4029.0
2200,400,410,1.8829139795978695,6522.0
2200,400,411,1.7499053180138575,4478.0
2200,400,412,2.963320120769382,2.35
2200,400,413,1.7631128060575874,6031.0
2200,400,414,2.133644841258988,6287.0
2200,400,415,2.320296910290985,5067.0
2200,400,416,2.267649214807292,3941.0
2200,400,417,2.0737337242992235,3183.0
2200,400,418,1.3922711254888986,0.882
2200,400,419,1.965390337483356,5676.0
2200,420,420,1.4828205816611766,2173.0
2200,420,421,1.4339049278845584,1216.0
2200,420,422,1.3217924236255387,3407.0
2200,420,423,3.013831679960344,1516.0
2200,420,424,1.3855651114282248,2156.0
2200,420,425,1.382564736862718,1129.0
2200,420,426,1.0273046769397085,1233.0
2200,420,427,2.1068778579229424,3833.0
2200,420,428,1.357357497356113,1103.0
2200,420,429,1.6037372417985667,1131.0
2200,420,430,1.3048860576331622,2365.0
2200,420,431,2.4075486722918686,2515.0
2200,420,432,1.2536127167630011,3.46
2200,420,433,1.052920509442241,1265.0
2200,420,434,1.199079782618617,2433.0
2200,420,435,1.8541531866652048,5204.0
2200,420,436,2.871671436077325,1.27
2200,420,437,1.9504627166178,3611.0
2200,420,438,2.355571372880472,2314.0
2200,420,439,1.6982571438939675,4845.0
2640,0,0,1.242102560667958,9954.0
2640,0,1,1.4526238978041526,9098.0
2640,0,2,1.312655931050119,8818.0
2640,0,3,1.5078279595539874,11574.0
2640,0,4,1.224800750117202,9954.0
2640,0,5,1.98102821237876,6874.0
2640,0,6,1.781634545783563,4912.0
2640,0,7,1.1722655626005736,11214.0
2640,0,8,1.2648936776694548,9745.0
2640,0,9,1.2353627715828186,6527.0
2640,0,10,1.6434810922482637,2474.0
2640,0,11,1.568915656905981,5569.0
2640,0,12,1.1918314943688335,8643.0
2640,0,13,1.906202126700905,4932.0
2640,0,14,2.490656388694225,2854.0
2640,0,15,1.65406575250256,6.53
2640,0,16,1.3329437888892284,11328.0
2640,0,17,1.4501272430471033,10327.0
2640,0,18,1.4530817538273937,3955.0
2640,0,19,1.4676586239028946,6274.0
2640,20,20,1.4328962706159556,10252.0
2640,20,21,2.267816597084888,1517.0
2640,20,22,2.2757412143601363,2346.0
2640,20,463,3.1840823152995874,3056.0
2640,20,24,1.2368677669224075,6039.0
2640,20,25,1.3594048892779504,6854.0
2640,20,26,1.4611986058686526,7683.0
2640,20,27,2.388338166205854,4943.0
2640,20,28,2.494725738396621,1.58
2640,20,29,1.3714403782383238,11005.0
2640,20,30,2.5644984196269283,1765.0
2640,20,31,3.0920723145842834,4729.0
2640,20,32,2.1996056599396847,2395.0
2640,20,33,1.385997032356877,11.82
2640,20,34,2.3113776254838467,1751.0
2640,20,35,2.702187807276299,3.39
2640,20,36,2.7762202285592177,3121.0
2640,20,37,1.7748780291117243,8267.0
2640,20,38,2.822679495659838,3.44
2640,20,39,2.4693188047135783,5315.0
2640,40,40,1.750759294112564,7.38
2640,40,41,1.9281354347080024,5231.0
2640,40,42,2.5565505988956763,1619.0
2640,40,43,1.961810630242777,4149.0
2640,40,44,1.732124346335488,7816.0
2640,40,45,2.042418258796735,3123.0
2640,40,46,1.4713068245176368,6274.0
2640,40,47,1.4600158251265796,4.29
2640,40,48,2.074278785588304,5292.0
2640,40,49,1.966446644664462,2929.0
2640,40,50,1.794609253929594,4517.0
2640,40,51,1.94125980196539,3.71
2640,40,52,2.691688334740681,1733.0
2640,40,53,1.543361402891615,6433.0
2640,40,54,1.7263450032141583,4284.0
2640,40,55,1.46908616662296,2204.0
2640,40,56,2.0455764249741875,3525.0
2640,40,57,1.6053591336538178,5202.0
2640,40,58,1.9844554960180725,3115.0
2640,40,59,1.5258885416302863,2095.0
2640,60,60,2.420881702598117,2.01
2640,60,61,2.4704212614864365,4063.0
2640,60,62,2.3547671453713264,8859.0
2640,60,63,2.17506942190486,3081.0
2640,60,64,2.7774358553531298,2031.0
2640,60,65,2.5709069199228187,2808.0
2640,60,66,2.581936322238605,7604.0
2640,60,67,1.6284245830158677,1826.0
2640,60,68,2.6251882560487148,3951.0
2640,60,69,2.7934395712021374,2468.0
2640,60,70,2.779260715552574,3209.0
2640,60,71,2.169743352699505,2.28
2640,60,72,2.557405982037352,9607.0
2640,60,73,2.687310636190382,8664.0
2640,60,74,2.4322437527994154,3701.0
2640,60,75,1.90220806359536,6634.0
2640,60,76,2.4054306098797578,3068.0
2640,60,77,1.575490196078427,2125.0
2640,60,78,2.245365613289014,2545.0
2640,60,79,2.10127439650828,6054.0
2640,80,80,2.754813462324487,1503.0
2640,80,81,2.7148614206744,2033.0
2640,80,82,2.322047112614877,0.902
2640,80,83,2.5331085242385503,1709.0
2640,80,84,2.2926549019844646,1619.0
2640,80,85,2.9181639400962407,1947.0
2640,80,86,2.3355014588847784,1.58
2640,80,87,2.6380849947175697,2549.0
2640,80,88,2.597422991177373,2157.0
2640,80,89,2.8443910080487247,1839.0
2640,80,90,2.966011349652708,1.5
2640,80,91,2.567700894898667,1526.0
2640,80,92,2.038057952487476,1043.0
2640,80,93,2.6300882091122384,1373.0
2640,80,94,2.9971730580137605,1.13
2640,80,95,2.152175768541749,1451.0
2640,80,96,2.199242609270056,1644.0
2640,80,97,2.663997341514404,2491.0
2640,80,98,2.617875838678757,1507.0
2640,80,99,2.4401073936389874,1345.0
2640,100,100,2.508542655118968,2005.0
2640,100,101,2.4173515556760834,1223.0
2640,100,102,2.732172470978436,1675.0
2640,100,103,1.2842392723094465,5.73
2640,100,104,2.608682562620419,1384.0
2640,100,105,2.6266933880188863,1788.0
2640,100,106,2.652553366766394,1868.0
2640,100,107,1.4662520541747872,6317.0
2640,100,108,2.38409864802637,1142.0
2640,100,109,2.5828848488395195,2209.0
2640,100,110,2.3245323037242973,1401.0
2640,100,111,1.0951490071695196,6726.0
2640,100,112,2.8364917395529594,1715.0
2640,100,113,3.493712545436677,1131.0
2640,100,114,2.714017398181095,1405.0
2640,100,115,1.1832670523017537,6454.0
2640,100,116,1.843537466389413,2371.0
2640,100,117,2.188122365800561,2399.0
2640,100,118,1.7251603860046316,2061.0
2640,100,119,1.688316223199938,1591.0
2640,120,120,2.61584454409566,1561.0
2640,120,121,1.939545516577433,1719.0
2640,120,122,2.468233621150463,3285.0
2640,120,123,1.6373617876749345,4125.0
2640,120,124,3.0681519108914013,2399.0
2640,120,125,2.564958498736914,2771.0
2640,120,126,2.7957068891821546,3969.0
2640,120,127,2.043015615228878,5177.0
2640,120,128,2.873997020532258,1721.0
2640,120,129,2.815351052583883,3283.0
2640,120,130,2.744044583662644,3096.0
2640,120,131,1.806298166297332,4279.0
2640,120,132,2.4541093844970114,2848.0
2640,120,133,2.4998248703996184,4.41
2640,120,134,2.345668519817123,3158.0
2640,120,135,1.9718579594705856,4464.0
2640,120,136,1.9073980554775805,3802.0
2640,120,137,2.0718476532751096,5364.0
2640,120,138,1.855639855862998,3361.0
2640,120,139,2.3859074078116493,7316.0
2640,140,140,2.516652840114805,2737.0
2640,140,141,1.8529564326241064,4597.0
2640,140,142,2.7810035344610404,1583.0
2640,140,143,2.652798110830953,4634.0
2640,140,144,2.164443324897882,2777.0
2640,140,145,1.95433338404584,2191.0
2640,140,146,2.758448605488076,1976.0
2640,140,147,2.5041052392527745,2374.0
2640,140,148,1.7506760635156569,3661.0
2640,140,149,2.6006888703806603,2755.0
2640,140,150,2.3227647328379573,2966.0
2640,140,151,2.3255839701697774,2653.0
2640,140,152,2.7821968694618016,2002.0
2640,140,153,3.147648996705597,1855.0
2640,140,154,2.6543305460926976,3229.0
2640,140,155,3.0582471394375066,3588.0
2640,140,156,2.219727002010336,4868.0
2640,140,157,2.7024655164835725,2701.0
2640,140,158,2.3718864253523435,3127.0
2640,140,159,2.751667821540295,4089.0
2640,160,160,2.1607067159169344,1904.0
2640,160,161,2.167038690476186,1792.0
2640,160,162,1.3276239637103049,2131.0
2640,160,163,2.2926447574334845,1775.0
2640,160,164,2.2506693440428323,1245.0
2640,160,165,2.211798697973808,3038.0
2640,160,166,1.3397021102949698,1906.0
2640,160,167,2.280563830961047,3021.0
2640,160,168,2.1077131712074078,1823.0
2640,160,169,2.13795548131067,3699.0
2640,160,170,1.7599161899552944,3926.0
2640,160,171,2.270140760706793,1855.0
2640,160,172,1.4564283735106625,1604.0
2640,160,173,2.54439890710382,1.83
2640,160,174,1.8690713920780937,3397.0
2640,160,175,2.5644977456298497,2194.0
2640,160,176,2.274623542707507,1804.0
2640,160,177,2.2360704368063664,3.68
2640,160,178,2.2947451411007798,1763.0
2640,160,179,2.254272796194281,3907.0
2640,180,180,1.5392182081848995,3999.0
2640,180,181,1.694975675882188,5449.0
2640,180,182,1.8603583183548629,1.53
2640,180,183,2.0286633412853288,3074.0
2640,180,184,1.592045632130015,2844.0
2640,180,185,1.763277892595868,3387.0
2640,180,186,1.6866913123844691,2164.0
2640,180,187,2.403921338650401,2842.0
2640,180,188,2.002747693668896,4976.0
2640,180,189,1.9298793175197624,4272.0
2640,180,190,1.9241555687549892,5143.0
2640,180,191,2.630139133841148,2422.0
2640,180,192,2.356078904991942,1.38
2640,180,193,1.6783943655927454,3226.0
2640,180,194,1.6440219555992108,3678.0
2640,180,195,3.3832144355586204,1431.0
2640,180,196,1.9379895594633885,2.98
2640,180,197,2.3413537518836187,4028.0
2640,180,198,2.163175374360777,2763.0
2640,180,199,1.9523164545809484,3002.0
2640,200,200,1.7636897101182758,3626.0
2640,200,201,2.096337919227327,1556.0
2640,200,202,1.6835445642397031,4677.0
2640,200,203,2.5563109027245576,2833.0
2640,200,204,1.9584145549057783,4275.0
2640,200,205,2.029919366281035,4617.0
2640,200,206,1.9622014663863223,4122.0
2640,200,207,1.8078023357041637,6718.0
2640,200,208,2.1939401706803747,2191.0
2640,200,209,2.0945456006920566,4154.0
2640,200,210,1.5414642321185676,4388.0
2640,200,211,2.463738264568595,4099.0
2640,200,212,1.7003551632529792,5566.0
2640,200,213,1.7698321193127795,4975.0
2640,200,214,1.5379248323815995,4712.0
2640,200,215,1.9280306622326613,6909.0
2640,200,216,2.341662318202783,3432.0
2640,200,217,1.6657274180126656,6127.0
2640,200,218,2.3237848175449742,4.21
2640,200,219,1.961345939683291,6893.0
2640,220,220,3.228146143925217,1118.0
2640,220,221,3.2155686967197976,1779.0
2640,220,222,3.094512444311109,2.28
2640,220,223,3.105841101872842,1323.0
2640,220,224,2.662006651141174,0.902
2640,220,225,3.1768564781696647,1637.0
2640,220,226,2.868527474990064,2138.0
2640,220,227,3.2884294068504545,0.665
2640,220,228,2.876710032733319,2088.0
2640,220,229,3.1587425983977653,1276.0
2640,220,230,2.2604177511127177,1163.0
2640,220,231,2.6956573007209705,1649.0
2640,220,232,3.105323990431077,2473.0
2640,220,233,3.019312845391447,2055.0
2640,220,234,2.6501651667805364,0.778
2640,220,235,2.71671838104287,2428.0
2640,220,236,2.4980458351304384,1348.0
2640,220,237,2.630323810338889,0.617
2640,220,238,2.810253670186984,1855.0
2640,220,239,2.59493098786392,2356.0
2640,240,240,2.1124293382737123,2339.0
2640,240,241,2.2367479216142976,1133.0
2640,240,242,2.4911762343486146,2931.0
2640,240,243,2.2063584563584517,1287.0
2640,240,244,1.4402636054421716,2352.0
2640,240,245,2.3135744585845006,1493.0
2640,240,246,3.3929060531361213,1217.0
2640,240,247,2.47233289065958,1255.0
2640,240,248,2.648125155126474,1201.0
2640,240,249,2.4801587301587253,2086.0
2640,240,250,2.780335690547476,2678.0
2640,240,251,3.048436492585425,1034.0
2640,240,252,2.0597763244605334,3121.0
2640,240,253,2.9263544228332914,1491.0
2640,240,254,2.7435490412874466,2421.0
2640,240,255,2.922546744085976,2183.0
2640,240,256,2.3694575973838456,1376.0
2640,240,257,2.502534211860107,1973.0
2640,240,258,2.551298843047366,1018.0
2640,240,259,3.064058248335962,2565.0
2640,260,260,2.1439048666771385,2121.0
2640,260,261,2.518733693260163,3.24
2640,260,262,2.1549998398513783,3469.0
2640,260,263,2.071557044355184,5235.0
2640,260,264,1.7468113925784536,2302.0
2640,260,265,1.9735978296183443,4105.0
2640,260,266,2.601100001608053,1559.0
2640,260,267,2.0078704680477046,4352.0
2640,260,268,2.0422535211267565,2.13
2640,260,269,2.15560710034335,3622.0
2640,260,270,2.3749683582690557,3826.0
2640,260,271,2.4733003885924703,3592.0
2640,260,272,2.0586586511710068,3502.0
2640,260,273,2.373875321336756,1556.0
2640,260,274,2.123820825123884,3722.0
2640,260,275,2.177267847557698,3519.0
2640,260,276,1.9171080230043989,5.16
2640,260,277,1.672125389710424,4951.0
2640,260,278,2.006101526665292,3246.0
2640,260,279,2.101990049751238,3.35
2640,280,280,3.365774433779712,1636.0
2640,280,281,3.585556057197769,1905.0
2640,280,282,2.688916045418504,2051.0
2640,280,283,3.003332332975656,3373.0
2640,280,284,2.956525304165785,1287.0
2640,280,285,4.225891005150898,1911.0
2640,280,286,2.850032113037888,1038.0
2640,280,287,2.8427221047809184,3337.0
2640,280,288,3.0981629797556365,2069.0
2640,280,289,3.738284398851482,2139.0
2640,280,290,3.267706714818668,2933.0
2640,280,291,2.2301485799555643,1.38
2640,280,292,2.459412155229642,1841.0
2640,280,293,2.733843537414961,0.98
2640,280,294,3.434882637403492,3654.0
2640,280,295,2.5063418060625318,3734.0
2640,280,296,3.675048586351684,1435.0
2640,280,297,3.4149787469864026,2784.0
2640,280,298,2.4305555555555505,1354.0
2640,280,299,2.3522609209034777,3636.0
2640,300,300,2.3616584341009337,1909.0
2640,300,301,2.5039296632680097,3021.0
2640,300,302,2.946408345692424,2293.0
2640,300,303,2.482036452856638,3487.0
2640,300,304,2.091704598860392,1644.0
2640,300,305,2.591272286525537,2986.0
2640,300,306,3.4802158814016475,1694.0
2640,300,307,2.8711886381530007,2888.0
2640,300,308,2.280469341408016,2642.0
2640,300,309,2.6268380043770265,2931.0
2640,300,310,2.2597856254186937,1161.0
2640,300,311,2.325168619098327,2191.0
2640,300,312,2.214680778523229,2757.0
2640,300,313,2.095176571920754,3225.0
2640,300,314,2.4058493589743537,1.04
2640,300,315,2.0070766227427943,1366.0
2640,300,316,2.322891730406176,3806.0
2640,300,317,2.366209091813384,3351.0
2640,300,318,2.715699907297042,2517.0
2640,300,319,2.572483447134281,2148.0
2640,320,320,3.268683957802455,1288.0
2640,320,321,2.45639324049898,1532.0
2640,320,322,2.635533487761047,2974.0
2640,320,323,2.043439404091248,2202.0
2640,320,324,3.3127543130150285,0.963
2640,320,325,3.4425904292060845,1756.0
2640,320,326,3.1049043110530867,3024.0
2640,320,327,2.5997697606006174,2865.0
2640,320,328,2.798823366985904,1747.0
2640,320,329,3.288217067615068,1681.0
2640,320,330,2.6731290463862254,4.21
2640,320,331,2.30978419363468,3438.0
2640,320,332,2.5828373152720627,2.68
2640,320,333,2.8315290879160755,3846.0
2640,320,334,2.542906590995841,4.09
2640,320,335,2.9605263157894703,1444.0
2640,320,336,2.418366845497496,2148.0
2640,320,337,2.824204322556477,3314.0
2640,320,338,2.454471089616283,3558.0
2640,320,339,3.5471944875328663,1901.0
2640,340,340,1.9972206495100449,2345.0
2640,340,341,2.525957640440139,2686.0
2640,340,342,2.2503747928072237,4831.0
2640,340,343,1.9794468584040228,3222.0
2640,340,344,2.1012435154498754,2642.0
2640,340,345,2.259865798980836,4203.0
2640,340,346,2.2450769806161457,5812.0
2640,340,347,1.7097716224250636,3177.0
2640,340,348,2.986638537271444,1975.0
2640,340,349,2.4315074288421794,3283.0
2640,340,350,2.410615577515848,3529.0
2640,340,351,2.2523684354520705,2627.0
2640,340,352,2.4276716500553666,4816.0
2640,340,353,2.294819144680726,5796.0
2640,340,354,2.081221629010623,3.24
2640,340,355,2.149882383796737,4297.0
2640,340,356,2.117191600052512,3722.0
2640,340,357,1.6894980906431405,3653.0
2640,340,358,2.13910774436186,2704.0
2640,340,359,2.213914006749615,4313.0
2640,360,360,1.8507599580712757,2332.0
2640,360,361,2.2964839830710644,2619.0
2640,360,362,2.498419801218667,1282.0
2640,360,363,2.510061240599478,3224.0
2640,360,364,1.9475273206616448,2613.0
2640,360,365,2.472580150329801,2173.0
2640,360,366,2.4854406130268143,3625.0
2640,360,367,2.600976759956154,4813.0
2640,360,368,2.2794456515497337,2418.0
2640,360,369,1.96147098232724,2896.0
2640,360,370,2.5027745909667405,2681.0
2640,360,371,2.6229442741200235,3869.0
2640,360,372,2.654318604009324,2016.0
2640,360,373,2.2666829845009344,3605.0
2640,360,374,2.5148383019737284,2.81
2640,360,375,2.8038006430451503,2511.0
2640,360,376,2.472368935837241,2.84
2640,360,377,2.414299491495699,3802.0
2640,360,378,2.7087259357794733,3007.0
2640,360,379,2.610570832401813,1491.0
2640,380,380,1.815170049115,3597.0
2640,380,381,3.278365223229264,1655.0
2640,380,382,2.973628691983117,1975.0
2640,380,383,2.255908862048696,2.54
2640,380,384,1.4426185109468612,6359.0
2640,380,385,1.806034305902316,6088.0
2640,380,386,1.3873527687973797,5877.0
2640,380,387,1.2588948591344715,6886.0
2640,380,388,3.511576807031347,1694.0
2640,380,389,2.4395664739280334,3699.0
2640,380,390,3.152008870196848,3258.0
2640,380,391,2.79503444066614,3823.0
2640,380,392,2.779590149357948,2228.0
2640,380,393,1.6511571718957077,3278.0
2640,380,394,3.0100832756707625,3472.0
2640,380,395,2.0301244269810046,2545.0
2640,380,396,2.090232666751576,2617.0
2640,380,397,1.3507035361950817,4201.0
2640,380,398,2.542878931767815,3861.0
2640,380,399,1.9454676661927492,2579.0
2640,400,400,2.0208955339991914,4946.0
2640,400,401,2.030486273916272,5175.0
2640,400,402,2.221905791835145,3328.0
2640,400,403,2.161029656485179,4288.0
2640,400,404,2.339432893495912,3219.0
2640,400,405,1.5827995545497355,2938.0
2640,400,406,1.9595856112483727,4954.0
2640,400,407,1.6692399371580204,2051.0
2640,400,408,1.9498067286549736,4787.0
2640,400,409,1.764981660737426,4029.0
2640,400,410,1.7703548687532578,6522.0
2640,400,411,1.6397209795015115,4076.0
2640,400,412,2.7922119579163414,2165.0
2640,400,413,1.756381444424375,6031.0
2640,400,414,1.9693329985941856,6289.0
2640,400,415,2.163033034628461,5067.0
2640,400,416,2.102709002424894,3941.0
2640,400,417,1.898322686494218,3183.0
2640,400,418,1.36657072773202,0.886
2640,400,419,1.8518135690191724,5676.0
2640,420,420,1.3399402486477097,2652.0
2640,420,421,1.3712810529069888,1216.0
2640,420,422,1.231682239306653,3886.0
2640,420,423,2.852205704996388,1516.0
2640,420,424,1.283533547881856,2156.0
2640,420,425,1.2117409703769253,1129.0
2640,420,426,1.0137875101378702,1233.0
2640,420,427,1.9356140762817244,3589.0
2640,420,428,1.280618046014065,1103.0
2640,420,429,1.5622212264518909,1049.0
2640,420,430,1.2761185637520711,2283.0
2640,420,431,2.2336450484769075,2536.0
2640,420,432,1.1757575606226036,3.46
2640,420,433,1.05511638120333,1265.0
2640,420,434,1.1271521212951472,2433.0
2640,420,435,1.7569274746466503,4893.0
2640,420,436,2.6454505686789096,1.27
2640,420,437,1.8610244836896364,3611.0
2640,420,438,2.192643480132,2252.0
2640,420,439,1.6353620446097006,4845.0
